invoice_id,invoice_amount
1,1829.71
2,1518.29
3,2100.29
4,1858.07
5,6184.23
6,1970.67
7,2310.81
8,1503.93
9,3189.72
10,1762.69
11,2003.25
12,1767.22
13,1479.60
14,2956.91
15,2211.19
16,1826.19
17,5114.60
18,2157.56
19,2243.63
20,2003.08
21,1574.66
22,1726.81
23,2350.92
24,1920.93
25,2467.47
26,1861.45
27,1964.12
28,1982.22
29,1620.01
30,1909.30
31,3388.27
32,2327.13
33,2235.38
34,2218.95
35,1705.07
36,1960.81
37,1798.47
38,1943.26
39,1571.61
40,2377.30
41,1385.09
42,1622.17
43,1580.58
44,4565.88
45,1958.57
46,1427.25
47,1821.22
48,1633.45
49,1974.32
50,1816.39
51,2471.33
52,1596.88
53,1684.05
54,2208.11
55,2174.21
56,1781.64
57,2345.85
58,1888.62
59,1838.23
60,1870.98
61,1901.44
62,2358.42
63,2091.80
64,2518.11
65,2034.34
66,2539.43
67,3273.50
68,5744.77
69,3554.05
70,1572.92
71,2244.40
72,1843.05
73,1858.07
74,1792.36
75,2081.51
76,1816.04
77,2602.00
78,1876.79
79,2967.13
80,1911.76
81,2706.73
82,2902.80
83,1781.28
84,1576.35
85,1969.33
86,1974.95
87,2071.10
88,1674.70
89,1899.99
90,1888.85
91,2268.39
92,5602.71
93,1827.37
94,1838.45
95,1870.04
96,1859.79
97,4447.56
98,2013.75
99,1455.08
100,1655.75
101,2075.37
102,2315.05
103,1800.16
104,2363.29
105,2843.58
106,2674.06
107,1984.47
108,2329.29
109,1927.84
110,2151.80
111,2270.15
112,2525.42
113,2275.79
114,1523.88
115,4248.91
116,1978.45
117,2234.12
118,2397.45
119,3354.47
120,1616.68
121,1642.27
122,2199.89
123,1493.53
124,1493.23
125,1721.53
126,2394.44
127,6919.24
128,1343.00
129,2476.89
130,6050.07
131,1717.53
132,1378.27
133,1752.91
134,2157.34
135,1384.93
136,2273.25
137,2027.82
138,1510.65
139,1838.90
140,3289.27
141,2133.90
142,1818.21
143,46563.02
144,1657.28
145,1850.30
146,1543.94
147,2103.65
148,1711.72
149,1835.95
150,1887.06
151,2292.51
152,1088.44
153,1528.10
154,2815.05
155,1872.16
156,2038.16
157,1910.76
158,3029.84
159,2358.52
160,1936.04
161,2572.98
162,2689.70
163,1667.16
164,2914.40
165,2042.88
166,2181.28
167,2312.55
168,1970.54
169,4374.84
170,1558.84
171,2127.05
172,1633.35
173,23935.39
174,1476.92
175,1207.55
176,1944.98
177,1476.58
178,2095.38
179,2316.74
180,1557.43
181,1523.00
182,1352.10
183,3171.87
184,2575.13
185,1760.48
186,1541.98
187,1704.34
188,4803.11
189,1403.47
190,2503.16
191,2422.71
192,2063.61
193,2071.05
194,3820.73
195,1467.63
196,3126.74
197,1753.54
198,1432.78
199,2097.84
200,6354.33
201,1894.55
202,4144.61
203,1984.19
204,2295.13
205,2038.41
206,3799.50
207,2218.14
208,1796.43
209,2523.37
210,1728.14
211,2465.10
212,1911.43
213,1349.01
214,1858.49
215,1941.40
216,2047.34
217,2349.72
218,1808.19
219,2313.29
220,2045.16
221,2236.46
222,1762.39
223,1896.56
224,2131.89
225,2346.20
226,1770.57
227,2646.30
228,1682.01
229,1730.85
230,1742.03
231,1419.35
232,3697.70
233,2272.93
234,1919.07
235,2190.80
236,1967.22
237,1467.93
238,5462.04
239,1989.24
240,57170.50
241,1919.12
242,1993.54
243,2500.61
244,2237.56
245,1962.25
246,2815.37
247,1860.35
248,2296.85
249,1979.29
250,1968.82
251,56957.88
252,2587.38
253,1550.85
254,1574.34
255,1877.75
256,2381.95
257,1828.06
258,1936.87
259,2405.66
260,2910.95
261,1950.52
262,2386.46
263,2234.88
264,2234.26
265,2885.20
266,1669.11
267,1630.40
268,2447.76
269,1839.86
270,1814.88
271,2001.48
272,1783.73
273,2016.86
274,1568.25
275,1766.91
276,2381.18
277,1670.12
278,2139.00
279,4227.00
280,2495.65
281,1265.32
282,56736.46
283,1687.45
284,2284.19
285,1896.92
286,1781.54
287,57581.47
288,2255.05
289,2075.63
290,2049.83
291,2818.18
292,1696.12
293,2382.04
294,1813.49
295,2802.44
296,2089.56
297,2188.50
298,1726.34
299,1633.39
300,1976.84
301,7985.60
302,2430.38
303,2428.16
304,1891.86
305,2500.18
306,2967.73
307,2675.41
308,1735.38
309,1662.28
310,2628.76
311,2060.09
312,1857.69
313,2040.73
314,1802.78
315,1808.20
316,1817.24
317,2676.14
318,1700.65
319,1439.35
320,2353.57
321,1599.91
322,1863.15
323,2101.59
324,2067.53
325,1485.54
326,1616.91
327,1826.46
328,1737.83
329,2941.20
330,1896.50
331,1759.64
332,1083.93
333,2024.12
334,7573.55
335,1964.89
336,1717.19
337,7549.34
338,2164.81
339,2767.39
340,1357.67
341,1380.64
342,1625.83
343,1932.59
344,2238.87
345,2623.09
346,1592.81
347,2409.26
348,1955.75
349,56889.65
350,2121.60
351,1931.14
352,1746.67
353,1888.43
354,1323.50
355,1652.74
356,1569.89
357,1616.96
358,1376.15
359,2147.85
360,3061.53
361,3628.12
362,2522.39
363,2297.09
364,2147.59
365,2222.37
366,1784.69
367,23822.90
368,1950.25
369,1923.12
370,5298.93
371,1617.07
372,1592.35
373,1734.70
374,2548.79
375,2238.97
376,2472.93
377,2915.69
378,1930.45
379,2289.63
380,2270.63
381,3382.19
382,1913.65
383,1751.01
384,3269.83
385,2371.81
386,1559.95
387,2215.76
388,2090.76
389,1935.61
390,3623.21
391,3372.29
392,1943.63
393,2440.12
394,2342.13
395,2692.80
396,2647.86
397,1803.04
398,2136.43
399,2188.91
400,2323.34
401,1411.58
402,2763.29
403,1803.84
404,1677.50
405,2357.75
406,2554.89
407,1875.60
408,3767.06
409,2373.28
410,1694.41
411,1451.68
412,1917.74
413,1425.96
414,1739.38
415,1734.46
416,2601.86
417,1628.56
418,1585.71
419,1937.69
420,2093.81
421,1903.97
422,1556.84
423,1699.13
424,1901.99
425,7422.04
426,2047.07
427,1543.58
428,1647.70
429,1839.23
430,1558.19
431,1636.22
432,2727.50
433,1611.38
434,3210.14
435,1985.86
436,2175.02
437,1421.30
438,3172.44
439,2068.27
440,1722.49
441,2973.31
442,1657.06
443,2691.46
444,1624.53
445,2084.63
446,2232.01
447,1913.29
448,1711.05
449,1655.60
450,2155.57
451,1547.78
452,1575.74
453,1728.03
454,2280.55
455,1585.42
456,2101.16
457,1536.11
458,2356.37
459,1850.82
460,2035.04
461,1904.89
462,3626.34
463,2249.38
464,2806.88
465,1691.20
466,4073.86
467,2756.38
468,2231.83
469,1589.51
470,1623.77
471,1940.24
472,1906.83
473,3209.69
474,1463.51
475,1595.71
476,1689.53
477,1484.36
478,2180.09
479,1476.21
480,2122.59
481,1514.68
482,2037.44
483,2114.66
484,1573.20
485,1615.61
486,1829.25
487,1673.73
488,1899.09
489,1365.68
490,1837.74
491,1923.77
492,1597.47
493,1588.05
494,8461.17
495,1764.72
496,1740.43
497,1511.31
498,2180.42
499,2276.05
500,1260.18
501,1253.48
502,1522.49
503,2438.04
504,1505.57
505,1765.30
506,1231.69
507,1915.19
508,2612.89
509,2686.41
510,3047.34
511,1763.73
512,2152.78
513,5613.91
514,2133.76
515,2136.11
516,1529.05
517,2144.39
518,3317.49
519,2566.26
520,2305.33
521,1935.63
522,1837.11
523,1835.09
524,3016.76
525,1972.16
526,1440.06
527,2144.17
528,1868.92
529,1947.80
530,1941.50
531,1608.09
532,2205.87
533,1448.70
534,3118.47
535,1988.83
536,4804.90
537,2431.39
538,1222.26
539,2191.08
540,2398.53
541,2133.43
542,2098.06
543,1952.71
544,1754.39
545,3198.06
546,2386.11
547,1543.19
548,1870.10
549,2709.83
550,4293.68
551,2200.86
552,1796.41
553,2129.75
554,2166.28
555,4084.00
556,1804.55
557,1418.82
558,1721.93
559,2010.25
560,2036.01
561,1854.42
562,1539.74
563,2240.89
564,8429.01
565,13399.36
566,1963.17
567,1728.31
568,2066.96
569,1680.26
570,2304.36
571,1850.25
572,2152.24
573,1779.46
574,2331.67
575,3209.63
576,1769.65
577,1516.05
578,2961.71
579,3674.65
580,1400.09
581,1479.17
582,2915.37
583,1957.69
584,2333.34
585,2019.64
586,1787.87
587,1613.07
588,1409.87
589,1289.11
590,1668.06
591,1702.98
592,1623.35
593,1518.44
594,2630.47
595,1608.39
596,1975.56
597,2216.10
598,5319.71
599,1898.48
600,1811.04
601,2277.33
602,2225.00
603,1932.17
604,2198.74
605,1743.96
606,2365.76
607,5433.46
608,2014.54
609,2530.16
610,1927.45
611,2994.31
612,1743.94
613,1469.97
614,2111.94
615,1542.31
616,2365.11
617,1947.04
618,2588.62
619,1200.83
620,1854.19
621,1205.29
622,2403.71
623,1831.39
624,2454.16
625,1937.49
626,1734.71
627,1952.93
628,2083.75
629,1454.30
630,1789.21
631,1212.84
632,1541.81
633,1989.67
634,2275.90
635,2043.53
636,1747.47
637,1594.93
638,3461.52
639,1421.24
640,2148.15
641,2694.56
642,1798.82
643,5213.87
644,2172.48
645,2229.83
646,2100.08
647,1525.04
648,2038.46
649,1396.04
650,46136.00
651,2842.05
652,3193.32
653,5604.27
654,7185.37
655,1943.63
656,24657.17
657,6988.14
658,1242.02
659,2193.12
660,2094.19
661,1647.65
662,1779.83
663,1555.66
664,3136.37
665,2309.23
666,2179.34
667,1661.71
668,1953.05
669,2092.11
670,7279.50
671,3262.73
672,79519.99
673,2539.08
674,5934.83
675,2062.27
676,2224.08
677,2093.04
678,1051.83
679,2152.60
680,3305.17
681,1986.19
682,1699.73
683,2025.48
684,2694.17
685,2940.78
686,1676.61
687,2431.31
688,1795.96
689,2099.10
690,1817.14
691,1844.58
692,2376.93
693,2619.24
694,1776.60
695,1938.61
696,2186.43
697,1834.39
698,1442.82
699,1647.11
700,2696.47
701,1679.88
702,1803.78
703,2026.54
704,2241.64
705,1802.00
706,2361.66
707,2556.38
708,2212.77
709,2137.03
710,80347.27
711,1884.25
712,2571.26
713,1957.48
714,1884.72
715,2212.90
716,1743.10
717,1808.51
718,2091.10
719,2702.65
720,90290.71
721,2312.11
722,2064.86
723,2614.67
724,8151.39
725,2139.90
726,2376.91
727,1677.30
728,3536.63
729,1680.98
730,1748.54
731,1880.74
732,1800.29
733,2534.81
734,2902.46
735,2083.28
736,2752.23
737,3007.90
738,1987.37
739,2120.89
740,1417.88
741,1309.47
742,2015.19
743,3223.48
744,1972.03
745,1674.23
746,2069.65
747,1382.33
748,2642.39
749,2251.81
750,2174.19
751,1921.73
752,78729.87
753,1294.20
754,1838.33
755,1536.13
756,1709.93
757,2135.90
758,1490.27
759,2020.07
760,1936.53
761,1888.79
762,1434.73
763,1654.53
764,3862.21
765,1919.58
766,2281.04
767,1640.38
768,1839.98
769,1779.09
770,1578.55
771,2338.81
772,3004.99
773,2058.76
774,1497.19
775,2228.71
776,2189.00
777,1736.14
778,1519.48
779,1744.06
780,2167.30
781,1648.01
782,1898.71
783,1239.25
784,2138.20
785,1815.43
786,1293.07
787,2124.83
788,1743.28
789,2405.95
790,5162.97
791,2254.44
792,2124.26
793,1395.20
794,2155.17
795,2225.58
796,1819.66
797,6740.44
798,1904.24
799,2038.81
800,2637.11
801,2557.00
802,1734.79
803,2003.56
804,1601.83
805,1740.47
806,2113.73
807,2242.34
808,1910.79
809,2129.98
810,1895.70
811,2234.52
812,2224.53
813,2554.04
814,2235.41
815,2221.56
816,2353.08
817,2138.62
818,1554.28
819,2023.23
820,2013.34
821,2511.87
822,1355.76
823,1583.22
824,3039.72
825,1790.67
826,1734.03
827,2503.49
828,1505.38
829,1791.52
830,1791.65
831,1418.96
832,2810.74
833,2397.66
834,2290.82
835,2554.06
836,2641.75
837,1695.60
838,2870.33
839,1725.98
840,2002.11
841,2063.19
842,2100.43
843,1759.28
844,35765.69
845,1973.88
846,1955.83
847,2093.73
848,1927.83
849,2299.65
850,1691.02
851,2120.92
852,1786.31
853,1798.75
854,1595.02
855,1437.67
856,1594.45
857,56971.59
858,2143.39
859,1927.20
860,1443.11
861,1753.24
862,1868.40
863,2539.81
864,1960.57
865,1777.11
866,1841.57
867,1342.89
868,1884.94
869,1939.72
870,1959.05
871,2289.20
872,2172.83
873,2677.06
874,1673.69
875,1982.27
876,2374.08
877,2247.12
878,1768.97
879,1441.11
880,2056.37
881,2496.39
882,2749.56
883,2044.88
884,2448.88
885,1735.52
886,1556.52
887,2057.01
888,4862.91
889,2128.12
890,1979.72
891,1696.32
892,1763.24
893,1576.53
894,1545.43
895,1915.50
896,2809.91
897,1835.41
898,1856.02
899,1452.23
900,1840.52
901,1589.32
902,1798.72
903,1691.87
904,7386.12
905,1488.23
906,3726.45
907,1683.73
908,2007.02
909,2295.04
910,2449.00
911,6255.45
912,1886.61
913,13049.73
914,2753.63
915,1881.04
916,1759.10
917,1542.85
918,4641.66
919,1934.32
920,3497.21
921,1533.94
922,56917.13
923,1624.11
924,2636.82
925,1942.27
926,1953.37
927,1455.36
928,2842.43
929,1977.32
930,4664.89
931,2534.45
932,1956.35
933,2294.93
934,2044.62
935,13798.15
936,1709.26
937,1370.89
938,1648.30
939,1971.11
940,1539.75
941,2076.36
942,1762.32
943,2024.21
944,2086.76
945,2107.13
946,2024.53
947,2046.74
948,4096.65
949,2199.37
950,2208.64
951,2019.94
952,1768.47
953,1547.78
954,2682.14
955,2225.56
956,2329.31
957,1975.17
958,2427.06
959,1765.89
960,1896.40
961,1706.65
962,2078.37
963,1679.58
964,1778.05
965,2666.40
966,1729.92
967,2054.71
968,2023.90
969,1669.40
970,1595.11
971,1678.14
972,1758.67
973,1380.94
974,1427.24
975,2289.19
976,1486.84
977,1927.71
978,1834.99
979,1872.73
980,1704.05
981,1722.13
982,1690.77
983,2295.49
984,2192.70
985,104691.01
986,90505.45
987,1958.45
988,5844.83
989,2128.15
990,3521.20
991,1517.76
992,1970.69
993,2447.60
994,2980.07
995,2862.56
996,2026.29
997,1996.21
998,3274.29
999,2081.15
1000,1502.41
1001,2454.18
1002,2422.02
1003,46336.46
1004,1701.28
1005,1647.28
1006,1862.77
1007,1615.61
1008,1620.72
1009,2034.99
1010,1340.00
1011,1804.74
1012,2139.08
1013,2049.98
1014,1619.65
1015,2332.95
1016,2139.98
1017,1771.11
1018,3169.29
1019,1705.97
1020,1860.42
1021,1666.95
1022,1407.61
1023,1821.84
1024,1774.41
1025,1478.73
1026,1903.25
1027,2254.78
1028,2559.87
1029,1906.61
1030,1846.95
1031,1938.18
1032,2209.64
1033,1734.58
1034,2298.82
1035,3286.23
1036,1482.13
1037,2417.05
1038,1641.54
1039,1699.43
1040,5077.31
1041,68189.85
1042,2044.43
1043,46287.94
1044,2647.91
1045,1750.83
1046,3532.70
1047,1971.50
1048,2271.91
1049,90426.33
1050,2439.49
1051,4914.89
1052,2194.62
1053,2806.21
1054,3280.02
1055,2703.44
1056,2341.90
1057,1762.52
1058,51308.55
1059,2218.59
1060,1512.77
1061,2165.41
1062,1917.51
1063,1317.35
1064,1727.78
1065,1668.46
1066,1704.88
1067,1757.91
1068,1844.14
1069,1722.06
1070,1906.42
1071,1541.40
1072,1600.38
1073,1598.50
1074,1970.06
1075,2679.86
1076,2380.37
1077,12632.72
1078,2016.00
1079,1914.85
1080,1960.72
1081,2376.63
1082,1815.31
1083,2312.93
1084,1607.61
1085,2199.72
1086,2215.60
1087,1705.22
1088,1592.72
1089,12673.90
1090,1939.77
1091,2274.44
1092,2360.71
1093,2931.51
1094,5323.57
1095,2486.98
1096,2429.26
1097,1900.31
1098,1840.94
1099,3943.28
1100,2050.21
1101,1862.48
1102,2023.87
1103,2303.07
1104,2147.55
1105,2190.46
1106,2630.60
1107,2035.09
1108,3947.62
1109,1954.24
1110,5133.44
1111,1518.03
1112,2875.20
1113,2283.50
1114,2101.94
1115,1783.07
1116,1625.55
1117,2260.95
1118,1357.30
1119,1559.65
1120,1442.22
1121,1568.38
1122,2257.28
1123,3149.66
1124,1966.75
1125,2285.28
1126,5425.07
1127,1993.56
1128,3431.77
1129,1940.73
1130,2452.59
1131,6758.83
1132,2376.61
1133,1585.58
1134,1319.82
1135,2413.22
1136,4215.21
1137,1175.15
1138,1815.78
1139,2748.91
1140,1682.55
1141,1876.92
1142,2574.83
1143,2718.96
1144,1740.46
1145,1572.54
1146,1246.14
1147,1534.09
1148,1551.70
1149,2338.87
1150,1564.30
1151,2161.55
1152,2030.56
1153,1836.41
1154,2420.87
1155,1947.86
1156,1753.12
1157,2034.81
1158,1749.43
1159,2083.20
1160,2332.90
1161,2137.81
1162,2038.02
1163,2275.79
1164,1921.12
1165,2263.39
1166,2752.83
1167,1342.38
1168,1527.93
1169,1723.07
1170,1970.14
1171,2136.39
1172,45983.78
1173,2353.48
1174,2391.44
1175,1978.54
1176,1555.42
1177,1625.95
1178,2031.92
1179,1727.82
1180,1411.63
1181,2176.54
1182,2890.77
1183,2111.33
1184,2421.96
1185,2134.48
1186,1928.81
1187,3697.57
1188,4535.29
1189,1984.89
1190,2183.18
1191,2220.00
1192,2708.79
1193,1971.22
1194,1444.11
1195,1679.77
1196,2488.87
1197,5329.52
1198,1833.18
1199,4739.85
1200,2288.20
1201,1651.21
1202,2301.29
1203,1798.22
1204,1693.84
1205,2015.33
1206,2100.95
1207,1564.31
1208,3240.61
1209,1900.16
1210,5365.99
1211,1586.93
1212,2238.58
1213,1417.93
1214,3369.16
1215,2640.42
1216,35050.85
1217,1737.65
1218,7517.82
1219,1724.19
1220,1672.48
1221,1587.80
1222,1704.63
1223,2314.63
1224,1956.50
1225,2013.16
1226,2581.28
1227,2619.13
1228,4470.80
1229,3364.50
1230,1514.54
1231,1750.90
1232,1575.29
1233,1831.53
1234,2242.36
1235,2173.95
1236,1657.76
1237,1717.60
1238,2224.82
1239,1613.51
1240,1702.89
1241,1830.53
1242,1862.41
1243,3193.44
1244,1843.37
1245,1866.02
1246,2170.02
1247,2747.27
1248,1746.59
1249,2015.45
1250,1836.74
1251,1916.41
1252,1897.05
1253,2506.36
1254,1686.68
1255,2138.17
1256,2055.54
1257,1855.54
1258,1575.81
1259,1658.09
1260,1769.57
1261,1723.77
1262,2401.94
1263,2276.55
1264,1347.42
1265,1649.05
1266,51063.72
1267,1853.12
1268,2551.32
1269,2252.64
1270,2926.26
1271,2118.71
1272,1484.25
1273,2192.77
1274,1625.55
1275,1399.11
1276,1738.32
1277,2094.71
1278,2022.41
1279,3734.49
1280,1684.32
1281,1401.41
1282,1828.90
1283,2264.71
1284,2460.50
1285,1747.79
1286,1456.62
1287,1886.53
1288,1811.55
1289,1667.90
1290,1627.20
1291,2042.64
1292,35049.73
1293,2026.15
1294,2042.22
1295,1890.01
1296,3757.78
1297,7447.42
1298,1674.18
1299,4324.16
1300,1929.87
1301,2104.29
1302,1718.53
1303,1728.91
1304,2043.95
1305,2790.22
1306,2263.88
1307,2434.23
1308,2148.94
1309,1697.26
1310,2256.50
1311,2451.48
1312,1837.25
1313,1735.77
1314,4940.64
1315,1242.89
1316,2127.88
1317,1557.52
1318,2054.77
1319,1749.63
1320,2387.87
1321,1883.68
1322,4017.30
1323,2742.46
1324,1799.85
1325,2383.48
1326,1795.08
1327,45974.95
1328,3184.58
1329,2173.86
1330,1781.99
1331,7752.36
1332,1693.70
1333,1840.98
1334,4203.60
1335,1745.31
1336,2062.02
1337,2172.17
1338,2239.61
1339,1771.60
1340,2328.58
1341,1723.53
1342,7840.81
1343,1872.53
1344,1719.30
1345,1441.29
1346,1952.18
1347,2013.80
1348,1888.73
1349,4360.41
1350,1826.30
1351,1613.10
1352,1983.85
1353,2478.44
1354,1622.48
1355,2020.75
1356,1774.85
1357,1886.79
1358,1614.44
1359,2230.54
1360,1859.74
1361,1984.85
1362,1862.05
1363,1493.18
1364,2886.39
1365,1979.17
1366,3355.38
1367,102442.82
1368,1872.15
1369,1518.91
1370,2179.38
1371,2386.10
1372,100972.33
1373,7408.27
1374,2218.56
1375,2087.52
1376,2241.99
1377,2161.29
1378,68118.79
1379,1817.11
1380,1691.44
1381,2118.29
1382,1878.83
1383,1675.24
1384,1298.56
1385,2026.90
1386,4254.66
1387,2705.47
1388,1929.42
1389,2231.61
1390,1778.19
1391,1486.61
1392,1943.87
1393,1726.69
1394,4856.15
1395,1911.85
1396,1964.25
1397,2380.60
1398,2336.96
1399,1862.68
1400,1753.21
1401,3150.73
1402,2686.66
1403,106849.26
1404,2110.69
1405,1701.96
1406,2224.37
1407,2674.18
1408,2586.56
1409,1511.41
1410,2574.14
1411,1773.77
1412,1544.68
1413,1686.26
1414,2368.51
1415,5671.80
1416,1808.21
1417,2557.71
1418,2045.21
1419,2556.99
1420,2551.35
1421,3027.38
1422,79618.35
1423,1574.12
1424,1823.22
1425,2148.73
1426,1624.78
1427,2042.66
1428,1844.32
1429,1922.99
1430,2412.34
1431,1939.76
1432,1482.08
1433,1709.56
1434,1459.34
1435,2313.66
1436,1589.64
1437,1692.34
1438,1528.75
1439,1914.63
1440,1954.24
1441,1713.90
1442,1916.91
1443,6702.60
1444,1776.13
1445,2302.61
1446,2449.90
1447,1847.63
1448,2720.51
1449,1747.31
1450,2431.88
1451,3516.70
1452,4716.24
1453,2351.94
1454,1975.25
1455,2191.61
1456,1693.16
1457,1630.96
1458,2164.52
1459,2165.33
1460,2572.96
1461,2970.40
1462,1464.85
1463,35663.05
1464,1303.56
1465,2288.35
1466,3632.36
1467,1924.10
1468,1562.09
1469,1584.93
1470,1566.39
1471,1659.71
1472,1591.59
1473,1511.66
1474,1690.54
1475,2059.52
1476,1640.00
1477,1662.16
1478,1833.31
1479,2241.14
1480,1829.47
1481,4426.46
1482,1311.81
1483,1905.39
1484,1509.37
1485,2149.42
1486,1944.54
1487,1163.94
1488,1716.04
1489,4771.14
1490,2159.06
1491,4268.35
1492,2510.23
1493,2207.29
1494,2141.48
1495,1591.12
1496,2006.13
1497,2730.40
1498,1371.11
1499,1719.14
1500,1932.14
1501,1599.79
1502,2107.74
1503,2255.46
1504,2145.59
1505,1450.22
1506,4486.16
1507,2320.43
1508,1725.58
1509,1561.93
1510,4446.38
1511,1764.09
1512,1909.17
1513,1792.43
1514,2367.78
1515,2494.42
1516,1655.04
1517,2123.39
1518,1978.90
1519,2046.04
1520,2345.17
1521,5066.19
1522,1930.76
1523,2099.24
1524,2066.70
1525,1736.75
1526,2096.80
1527,2284.13
1528,2147.74
1529,3041.13
1530,1955.46
1531,1922.84
1532,1982.88
1533,1993.72
1534,2003.35
1535,1951.71
1536,2850.94
1537,1659.15
1538,1787.77
1539,2722.17
1540,4250.49
1541,1865.25
1542,2370.66
1543,2497.90
1544,1413.98
1545,1924.39
1546,1848.36
1547,1643.27
1548,1411.71
1549,1604.95
1550,1804.83
1551,2441.87
1552,1705.37
1553,1459.93
1554,7490.15
1555,1695.98
1556,1999.87
1557,2502.21
1558,1809.06
1559,3002.02
1560,1794.06
1561,1916.71
1562,6761.48
1563,1658.43
1564,1455.66
1565,2349.06
1566,3361.73
1567,1160.20
1568,2389.21
1569,35112.33
1570,2148.66
1571,1676.06
1572,1754.36
1573,1990.29
1574,2490.55
1575,1697.37
1576,1993.04
1577,2033.43
1578,1823.25
1579,2256.84
1580,2051.30
1581,1698.84
1582,1906.53
1583,5642.84
1584,2011.84
1585,2071.33
1586,1692.27
1587,2526.67
1588,3917.18
1589,1940.37
1590,2277.61
1591,2358.39
1592,2055.05
1593,3112.09
1594,1853.61
1595,1529.97
1596,1731.95
1597,2437.53
1598,2548.81
1599,2120.13
1600,1705.26
1601,2246.64
1602,1748.06
1603,4536.21
1604,1551.55
1605,1939.82
1606,2860.99
1607,1871.91
1608,1796.01
1609,1753.09
1610,1666.93
1611,2781.06
1612,1669.93
1613,1610.44
1614,1677.99
1615,1965.98
1616,1691.00
1617,1939.81
1618,1809.58
1619,2299.60
1620,2458.75
1621,1667.01
1622,2830.26
1623,2426.12
1624,6495.58
1625,1552.55
1626,2336.32
1627,1595.16
1628,2505.24
1629,2051.84
1630,2131.25
1631,2775.50
1632,2015.87
1633,1872.69
1634,2342.35
1635,1930.50
1636,1752.47
1637,2333.67
1638,1873.71
1639,2212.45
1640,1813.41
1641,2158.49
1642,2446.23
1643,2363.11
1644,1802.88
1645,2246.95
1646,2724.95
1647,1965.91
1648,1610.02
1649,101226.94
1650,1500.79
1651,2252.41
1652,2298.97
1653,2657.36
1654,90944.84
1655,2242.06
1656,45903.24
1657,2163.39
1658,1748.87
1659,1664.18
1660,1645.82
1661,1889.53
1662,1852.50
1663,2092.98
1664,1574.38
1665,1735.42
1666,2653.17
1667,1550.62
1668,1977.00
1669,1767.99
1670,1538.49
1671,2350.61
1672,1839.94
1673,1206.65
1674,2281.81
1675,2415.17
1676,1961.81
1677,2378.33
1678,994.81
1679,1606.13
1680,5096.99
1681,2544.08
1682,1639.54
1683,2227.01
1684,1917.11
1685,2541.67
1686,1778.64
1687,1788.69
1688,1953.66
1689,1726.36
1690,2355.66
1691,2540.29
1692,1774.35
1693,2058.03
1694,2273.07
1695,1496.19
1696,1693.69
1697,2190.36
1698,2483.15
1699,1914.21
1700,1761.13
1701,1994.63
1702,2918.78
1703,24585.10
1704,2995.19
1705,1959.42
1706,1568.23
1707,1397.53
1708,1933.28
1709,1467.77
1710,2269.63
1711,2376.70
1712,1647.33
1713,1788.00
1714,1805.56
1715,2419.58
1716,1616.14
1717,1779.59
1718,1889.00
1719,2118.88
1720,2104.80
1721,1827.17
1722,2982.26
1723,3023.84
1724,2543.14
1725,2465.79
1726,2058.68
1727,2048.74
1728,1806.97
1729,1752.57
1730,1827.42
1731,1626.52
1732,1722.90
1733,1719.53
1734,3811.30
1735,1403.66
1736,2243.09
1737,2428.17
1738,2807.81
1739,1975.23
1740,1992.87
1741,1207.30
1742,2445.24
1743,1859.73
1744,2454.47
1745,2003.14
1746,1943.17
1747,1614.81
1748,1776.12
1749,1871.85
1750,1758.73
1751,1902.31
1752,1964.67
1753,46340.79
1754,1646.93
1755,57238.17
1756,2006.69
1757,2033.36
1758,1541.60
1759,2013.49
1760,1858.70
1761,2015.33
1762,1703.88
1763,3005.81
1764,2183.78
1765,1315.49
1766,2028.61
1767,2924.65
1768,2118.88
1769,2323.35
1770,2579.07
1771,2189.77
1772,2262.18
1773,1522.06
1774,1996.76
1775,1739.95
1776,1865.16
1777,1305.53
1778,2143.56
1779,1709.99
1780,1854.64
1781,3748.77
1782,1540.80
1783,1498.20
1784,2512.22
1785,2615.92
1786,2231.73
1787,2361.40
1788,1540.65
1789,1563.45
1790,2029.18
1791,2140.98
1792,1910.08
1793,1701.12
1794,1794.08
1795,1481.06
1796,2077.82
1797,1931.93
1798,2439.25
1799,1841.72
1800,2700.37
1801,1795.70
1802,1282.42
1803,2479.74
1804,1892.61
1805,3003.39
1806,1783.47
1807,1824.84
1808,1993.86
1809,2208.08
1810,2228.17
1811,2879.98
1812,2230.91
1813,1637.13
1814,2579.89
1815,2248.47
1816,2496.74
1817,1906.41
1818,2074.90
1819,1881.59
1820,6414.43
1821,1571.57
1822,2806.08
1823,1593.44
1824,2526.35
1825,1504.59
1826,1618.59
1827,1649.31
1828,24565.65
1829,2829.77
1830,2252.82
1831,1826.14
1832,1246.35
1833,1697.52
1834,1802.07
1835,2025.29
1836,1685.72
1837,1742.52
1838,2334.07
1839,2445.35
1840,2754.76
1841,1867.29
1842,2041.04
1843,1591.37
1844,1902.54
1845,1737.84
1846,1223.78
1847,45959.29
1848,2255.46
1849,1665.73
1850,2169.57
1851,2211.64
1852,2163.42
1853,1643.41
1854,1692.85
1855,1979.98
1856,2248.50
1857,1397.83
1858,2966.59
1859,1613.78
1860,1737.16
1861,1945.72
1862,2203.96
1863,1910.24
1864,2057.97
1865,1829.59
1866,2720.59
1867,2052.33
1868,1948.10
1869,3586.24
1870,2497.53
1871,1694.98
1872,2102.01
1873,90357.69
1874,2035.48
1875,1824.09
1876,1824.01
1877,2057.96
1878,1847.84
1879,2261.28
1880,1649.66
1881,1677.19
1882,2033.39
1883,2292.08
1884,2204.91
1885,1933.96
1886,2032.55
1887,2247.41
1888,1497.90
1889,1439.61
1890,1903.98
1891,2289.14
1892,1795.51
1893,2492.69
1894,2608.01
1895,12949.67
1896,2076.56
1897,2360.56
1898,7113.24
1899,68256.88
1900,1593.78
1901,2083.89
1902,1412.18
1903,2383.08
1904,4006.41
1905,2116.66
1906,1412.67
1907,2100.17
1908,1831.51
1909,2846.64
1910,2150.64
1911,2025.43
1912,1895.21
1913,2081.39
1914,4578.69
1915,2496.33
1916,1798.23
1917,1502.46
1918,2263.68
1919,2227.78
1920,1919.76
1921,2207.31
1922,101154.29
1923,1779.45
1924,1169.05
1925,1936.01
1926,1760.07
1927,2062.82
1928,1939.84
1929,1765.37
1930,2114.12
1931,5687.21
1932,1969.34
1933,3437.28
1934,2040.84
1935,68122.50
1936,1732.47
1937,1609.45
1938,2146.62
1939,1585.98
1940,58295.49
1941,2230.25
1942,2814.11
1943,2563.07
1944,1952.89
1945,2186.06
1946,1797.70
1947,1586.71
1948,2907.76
1949,1584.92
1950,2389.81
1951,1924.30
1952,5527.67
1953,1952.35
1954,3161.76
1955,7893.38
1956,2800.83
1957,2118.39
1958,2441.76
1959,1675.70
1960,2020.61
1961,90241.32
1962,1732.21
1963,2767.33
1964,1295.71
1965,89986.14
1966,2871.88
1967,1367.81
1968,2023.29
1969,1798.96
1970,2569.14
1971,1533.71
1972,1956.68
1973,2026.99
1974,1519.30
1975,2852.87
1976,1614.01
1977,1532.88
1978,1600.41
1979,1830.51
1980,1696.92
1981,1586.80
1982,6223.92
1983,3516.66
1984,2135.72
1985,1649.67
1986,1420.09
1987,1568.27
1988,1931.56
1989,1196.29
1990,1533.49
1991,1863.48
1992,1568.35
1993,2046.34
1994,2080.79
1995,2081.77
1996,2115.00
1997,1410.29
1998,1943.39
1999,2865.60
2000,2209.31
2001,2364.19
2002,1597.48
2003,2895.02
2004,2529.29
2005,2162.76
2006,1950.24
2007,6470.47
2008,1687.06
2009,1279.17
2010,1398.74
2011,1658.52
2012,1770.57
2013,2142.57
2014,1870.32
2015,1731.44
2016,2239.79
2017,2162.04
2018,2468.51
2019,1742.04
2020,1716.39
2021,2509.70
2022,2194.39
2023,6713.79
2024,1810.60
2025,1603.09
2026,2963.17
2027,2570.50
2028,2353.85
2029,2070.31
2030,2355.92
2031,1860.54
2032,3108.32
2033,2128.79
2034,1557.24
2035,2049.21
2036,1573.84
2037,2289.28
2038,5174.25
2039,1730.61
2040,2328.42
2041,2169.08
2042,2560.46
2043,1538.48
2044,1801.42
2045,1611.84
2046,1660.51
2047,1654.65
2048,1867.08
2049,4429.88
2050,2434.46
2051,101339.20
2052,2320.11
2053,1940.10
2054,3391.95
2055,1542.42
2056,2165.97
2057,1708.55
2058,1197.20
2059,1616.62
2060,2173.37
2061,3347.57
2062,2113.69
2063,2082.67
2064,1837.00
2065,2398.94
2066,3050.51
2067,2146.34
2068,6600.51
2069,2403.88
2070,3024.40
2071,1733.80
2072,1546.57
2073,2945.79
2074,1452.08
2075,1976.53
2076,1793.39
2077,1650.37
2078,1721.91
2079,2247.63
2080,1461.21
2081,2175.60
2082,2888.77
2083,2405.07
2084,1932.55
2085,2816.51
2086,2473.35
2087,1605.09
2088,1836.34
2089,1777.55
2090,2578.44
2091,2609.93
2092,2436.81
2093,1388.57
2094,1978.96
2095,1881.68
2096,1185.38
2097,1693.95
2098,1851.69
2099,2277.07
2100,2713.57
2101,2009.60
2102,1514.36
2103,2919.61
2104,3243.63
2105,3353.66
2106,1243.69
2107,1396.16
2108,2943.69
2109,3394.12
2110,1615.69
2111,1634.02
2112,2425.13
2113,2117.39
2114,1529.48
2115,1700.15
2116,3379.46
2117,1702.80
2118,1950.78
2119,2567.59
2120,1340.45
2121,2048.92
2122,1967.34
2123,2290.76
2124,2537.74
2125,3597.48
2126,3327.36
2127,2036.74
2128,3175.29
2129,2932.71
2130,1685.11
2131,1564.06
2132,1826.54
2133,1463.90
2134,3141.96
2135,2746.55
2136,1787.76
2137,2166.14
2138,1431.17
2139,1452.94
2140,1883.39
2141,1662.38
2142,1988.82
2143,2245.20
2144,1439.96
2145,2258.59
2146,1933.59
2147,1710.68
2148,1691.88
2149,1653.63
2150,3485.75
2151,2112.48
2152,2007.20
2153,2388.34
2154,5029.11
2155,2500.47
2156,1511.25
2157,2490.54
2158,2994.71
2159,1640.40
2160,2194.24
2161,1915.56
2162,1676.50
2163,1516.74
2164,1893.37
2165,2577.58
2166,1823.81
2167,1936.15
2168,2722.64
2169,3554.07
2170,1768.77
2171,1382.23
2172,1653.31
2173,2339.68
2174,2799.90
2175,1338.34
2176,2291.46
2177,1941.75
2178,6950.23
2179,2630.57
2180,3737.75
2181,34729.10
2182,2041.82
2183,2016.83
2184,4918.59
2185,1638.42
2186,1613.78
2187,1811.32
2188,1754.10
2189,4743.00
2190,2011.66
2191,1463.95
2192,1351.89
2193,1806.72
2194,2804.15
2195,1393.25
2196,1593.40
2197,1635.24
2198,2034.27
2199,1652.72
2200,1793.09
2201,2165.21
2202,2193.61
2203,2628.36
2204,2869.49
2205,2790.34
2206,1955.43
2207,2503.21
2208,1660.30
2209,3312.86
2210,1799.57
2211,2171.28
2212,2494.83
2213,2079.43
2214,1714.56
2215,1645.55
2216,24068.42
2217,2119.21
2218,3130.12
2219,1718.86
2220,2095.35
2221,2699.15
2222,1892.22
2223,59317.27
2224,4701.87
2225,1615.89
2226,1620.95
2227,1873.48
2228,2775.46
2229,1644.28
2230,2772.17
2231,1352.30
2232,1777.89
2233,2142.24
2234,2045.58
2235,1792.46
2236,2393.01
2237,2102.10
2238,2396.09
2239,1787.24
2240,1879.27
2241,1892.06
2242,1586.87
2243,4113.08
2244,2132.46
2245,1959.67
2246,1599.20
2247,2288.05
2248,2839.54
2249,1891.67
2250,1762.97
2251,2061.79
2252,2116.56
2253,2223.73
2254,1745.10
2255,1361.18
2256,3234.53
2257,2518.54
2258,1945.47
2259,1193.91
2260,1864.27
2261,1981.35
2262,1964.67
2263,1720.62
2264,1762.91
2265,1730.32
2266,3875.70
2267,2335.00
2268,1714.02
2269,6520.31
2270,2285.81
2271,1877.37
2272,1843.85
2273,2282.62
2274,1766.98
2275,1476.52
2276,1741.98
2277,1828.02
2278,1978.22
2279,2264.98
2280,1892.14
2281,2079.10
2282,3153.22
2283,1578.81
2284,2089.18
2285,1212.30
2286,1543.47
2287,1804.73
2288,1898.63
2289,1922.44
2290,2026.50
2291,1327.58
2292,89974.42
2293,2000.20
2294,2428.23
2295,3078.66
2296,2024.63
2297,2200.99
2298,1981.58
2299,1833.86
2300,1911.23
2301,1980.63
2302,2123.40
2303,2525.33
2304,2174.28
2305,1981.35
2306,1880.43
2307,1728.45
2308,1910.79
2309,2000.17
2310,2010.76
2311,2846.17
2312,57450.10
2313,1813.58
2314,1557.42
2315,1831.89
2316,2125.97
2317,2437.23
2318,2506.29
2319,1505.54
2320,3495.29
2321,2365.03
2322,2008.84
2323,2038.73
2324,2803.51
2325,2220.40
2326,2120.67
2327,2267.37
2328,1849.45
2329,2309.66
2330,1872.06
2331,2161.90
2332,2260.62
2333,4278.14
2334,1584.54
2335,1437.06
2336,1523.45
2337,1477.13
2338,1343.31
2339,1984.10
2340,1942.05
2341,1408.08
2342,1776.80
2343,1718.51
2344,2242.33
2345,1804.57
2346,35069.20
2347,1681.31
2348,1837.24
2349,1558.49
2350,112525.93
2351,3777.31
2352,1687.49
2353,2398.86
2354,1865.70
2355,1547.57
2356,1450.30
2357,1628.51
2358,2409.36
2359,1606.06
2360,1946.61
2361,1705.70
2362,1991.54
2363,1279.48
2364,1685.49
2365,2372.37
2366,1598.36
2367,1452.57
2368,2450.63
2369,2418.14
2370,1821.84
2371,45936.74
2372,2117.92
2373,1716.63
2374,2071.23
2375,2173.71
2376,1232.02
2377,2712.25
2378,2151.23
2379,1506.40
2380,1646.61
2381,1516.25
2382,2299.65
2383,1462.77
2384,2064.63
2385,1604.06
2386,1708.62
2387,5991.01
2388,1825.38
2389,2243.85
2390,1823.91
2391,2272.74
2392,1658.38
2393,1796.40
2394,1657.17
2395,1682.05
2396,1515.26
2397,2395.06
2398,1717.70
2399,1924.04
2400,1746.05
2401,57655.12
2402,1835.18
2403,2414.65
2404,1525.56
2405,2565.15
2406,1705.42
2407,1583.97
2408,1730.31
2409,1790.76
2410,3255.94
2411,1844.01
2412,1570.84
2413,2673.46
2414,2182.59
2415,1944.69
2416,4555.06
2417,94019.74
2418,1761.95
2419,1645.33
2420,3115.17
2421,1645.32
2422,1736.86
2423,1419.04
2424,3234.55
2425,1655.29
2426,2376.33
2427,1936.00
2428,1853.64
2429,1407.83
2430,2176.48
2431,1958.55
2432,2037.60
2433,2371.10
2434,3171.70
2435,2268.77
2436,1941.59
2437,47267.27
2438,1979.57
2439,1998.60
2440,2702.72
2441,1605.53
2442,2384.71
2443,2576.17
2444,2280.30
2445,1880.33
2446,2150.77
2447,101973.09
2448,1714.59
2449,1739.99
2450,1997.47
2451,2181.16
2452,1823.04
2453,2145.22
2454,1942.84
2455,2069.96
2456,1934.50
2457,1966.45
2458,57006.29
2459,4185.68
2460,1566.53
2461,2333.13
2462,1727.70
2463,1375.64
2464,1990.47
2465,1454.90
2466,1988.28
2467,2162.25
2468,2572.47
2469,2095.38
2470,2390.76
2471,2056.54
2472,1795.36
2473,1776.65
2474,3011.37
2475,2923.01
2476,2412.91
2477,2189.07
2478,3423.96
2479,4338.45
2480,2639.65
2481,46408.57
2482,1621.27
2483,1785.10
2484,1918.18
2485,2099.21
2486,1618.46
2487,2023.76
2488,1445.29
2489,2399.82
2490,2700.44
2491,1735.70
2492,2282.57
2493,1820.67
2494,2996.98
2495,1834.29
2496,2036.85
2497,1977.47
2498,1868.73
2499,79098.70
2500,2681.64
2501,2866.62
2502,2531.00
2503,5515.22
2504,2054.81
2505,1711.76
2506,1830.60
2507,2169.94
2508,1946.97
2509,1698.83
2510,1918.99
2511,2155.07
2512,1573.55
2513,1566.34
2514,6829.77
2515,1766.10
2516,2666.94
2517,1428.06
2518,1942.37
2519,2153.34
2520,1659.00
2521,1640.29
2522,2513.67
2523,2091.42
2524,1822.18
2525,4071.66
2526,2393.11
2527,2361.69
2528,1797.06
2529,1120.44
2530,2289.75
2531,1365.87
2532,1764.53
2533,1412.43
2534,1454.22
2535,1995.34
2536,1789.77
2537,2288.07
2538,1517.35
2539,1911.12
2540,1548.12
2541,1694.24
2542,2383.42
2543,3362.83
2544,2914.11
2545,1763.90
2546,2216.13
2547,1657.82
2548,1861.92
2549,1511.90
2550,2013.17
2551,1729.58
2552,2068.37
2553,1498.66
2554,1863.24
2555,1352.57
2556,1483.43
2557,1921.30
2558,2646.86
2559,1836.00
2560,7457.41
2561,100877.68
2562,1568.22
2563,13807.11
2564,1779.67
2565,1513.26
2566,1725.41
2567,23730.19
2568,1847.35
2569,1965.68
2570,4316.11
2571,6947.43
2572,2021.05
2573,2102.76
2574,1711.37
2575,1492.85
2576,1999.85
2577,1533.48
2578,6926.64
2579,1767.23
2580,2017.54
2581,1685.89
2582,1917.08
2583,2019.08
2584,1955.09
2585,4486.91
2586,1904.93
2587,1885.80
2588,46419.94
2589,3274.38
2590,1988.45
2591,1701.08
2592,1563.25
2593,1266.74
2594,1913.39
2595,2057.02
2596,1790.80
2597,1998.10
2598,1582.43
2599,2010.10
2600,2248.74
2601,2090.92
2602,1508.54
2603,2000.33
2604,2398.79
2605,2416.55
2606,1981.96
2607,2137.39
2608,3598.52
2609,3108.53
2610,1427.64
2611,2211.18
2612,2326.01
2613,1554.46
2614,1931.61
2615,2233.27
2616,1840.17
2617,1857.01
2618,1605.25
2619,2996.91
2620,1910.17
2621,1685.36
2622,1960.85
2623,2216.99
2624,1776.87
2625,2774.71
2626,2593.65
2627,2013.59
2628,1708.64
2629,1070.10
2630,1732.53
2631,2138.09
2632,1698.49
2633,2163.34
2634,1662.80
2635,1569.83
2636,2885.27
2637,2314.61
2638,1964.48
2639,2266.86
2640,1545.16
2641,1921.94
2642,1617.58
2643,23594.80
2644,1978.31
2645,1662.99
2646,2267.86
2647,1887.30
2648,6020.90
2649,1951.32
2650,2905.44
2651,1427.41
2652,2122.61
2653,2226.21
2654,3077.62
2655,3186.91
2656,2594.81
2657,4867.45
2658,58498.84
2659,2690.27
2660,2109.13
2661,2327.96
2662,6670.01
2663,2524.43
2664,1549.89
2665,2060.12
2666,90318.84
2667,1771.22
2668,1522.32
2669,2506.53
2670,101287.65
2671,2625.93
2672,2033.10
2673,1694.91
2674,1548.48
2675,1774.26
2676,2170.50
2677,2141.66
2678,1884.22
2679,1809.87
2680,4088.68
2681,2296.11
2682,1690.76
2683,1860.47
2684,4136.15
2685,3088.86
2686,2049.89
2687,1988.72
2688,1723.67
2689,1709.11
2690,2805.73
2691,2369.02
2692,1885.86
2693,2761.21
2694,2590.89
2695,2433.22
2696,1786.20
2697,2152.38
2698,1701.02
2699,1585.37
2700,3595.16
2701,6401.15
2702,2240.73
2703,1377.48
2704,3953.09
2705,13010.67
2706,2109.72
2707,1515.76
2708,1587.34
2709,2861.22
2710,1464.07
2711,2347.16
2712,1637.38
2713,1616.58
2714,1550.61
2715,1826.24
2716,1836.09
2717,1779.05
2718,2706.38
2719,2592.93
2720,1744.66
2721,2452.32
2722,2505.12
2723,2112.08
2724,2057.57
2725,2429.00
2726,1614.18
2727,1405.88
2728,4936.52
2729,1757.37
2730,1878.97
2731,1816.57
2732,1742.99
2733,6755.85
2734,2319.71
2735,1896.51
2736,2375.25
2737,1830.13
2738,1714.88
2739,2015.49
2740,2111.72
2741,89671.68
2742,2225.85
2743,2295.39
2744,1612.56
2745,2694.62
2746,1923.15
2747,1689.88
2748,2341.04
2749,1862.22
2750,2484.17
2751,156616.46
2752,1781.56
2753,1788.49
2754,2128.04
2755,1958.43
2756,1657.02
2757,1645.60
2758,2852.55
2759,1842.04
2760,2003.50
2761,3677.42
2762,2204.32
2763,1922.05
2764,2334.69
2765,2122.28
2766,1735.73
2767,2156.83
2768,1863.72
2769,1185.93
2770,1873.05
2771,1634.84
2772,2273.65
2773,1817.94
2774,1920.84
2775,1678.68
2776,3515.50
2777,1713.84
2778,1673.75
2779,1677.87
2780,2044.82
2781,3117.16
2782,2145.28
2783,2228.82
2784,2180.29
2785,2009.96
2786,2682.56
2787,1859.14
2788,1802.79
2789,1495.65
2790,8016.30
2791,1525.67
2792,101429.60
2793,1843.73
2794,2146.48
2795,2341.21
2796,4448.18
2797,1879.79
2798,1770.82
2799,2655.59
2800,1534.89
2801,2104.45
2802,2274.07
2803,1874.29
2804,1852.79
2805,1537.38
2806,2901.97
2807,1690.83
2808,2135.65
2809,1950.75
2810,2805.17
2811,2192.01
2812,2109.27
2813,1570.33
2814,5806.11
2815,1896.00
2816,1790.97
2817,1768.03
2818,2149.63
2819,1929.19
2820,2131.29
2821,1990.62
2822,2296.48
2823,2096.49
2824,1276.93
2825,2014.28
2826,1866.07
2827,1461.24
2828,2386.35
2829,2238.34
2830,2705.66
2831,1555.17
2832,2737.05
2833,1681.49
2834,2188.11
2835,1848.33
2836,1768.69
2837,1811.45
2838,34765.69
2839,1902.03
2840,1736.15
2841,2633.67
2842,1704.22
2843,1883.91
2844,1844.20
2845,2433.30
2846,1844.45
2847,2492.93
2848,1922.18
2849,2197.93
2850,67662.22
2851,1789.69
2852,1958.84
2853,2158.51
2854,1933.59
2855,1897.49
2856,1738.80
2857,46009.96
2858,2172.86
2859,1434.51
2860,1906.39
2861,1490.55
2862,2108.54
2863,1914.25
2864,1976.99
2865,1748.26
2866,2116.03
2867,2503.08
2868,49271.74
2869,2106.56
2870,2246.23
2871,1379.04
2872,3195.84
2873,1865.18
2874,1643.05
2875,1987.97
2876,1599.63
2877,2607.26
2878,2057.21
2879,2147.05
2880,2168.15
2881,1973.96
2882,1890.13
2883,1797.81
2884,2332.24
2885,1457.43
2886,2001.01
2887,1914.52
2888,1979.34
2889,2938.43
2890,2358.92
2891,1729.47
2892,1295.54
2893,1743.81
2894,2333.24
2895,2347.92
2896,2091.81
2897,2004.24
2898,2194.02
2899,2233.41
2900,1750.01
2901,3076.59
2902,1844.54
2903,46061.07
2904,1739.92
2905,1912.44
2906,1980.45
2907,1918.13
2908,2143.39
2909,2088.60
2910,1872.68
2911,1947.36
2912,2346.34
2913,1681.42
2914,1661.88
2915,6355.45
2916,2228.40
2917,2373.01
2918,2931.19
2919,2141.05
2920,1737.59
2921,4267.10
2922,2009.92
2923,1250.40
2924,68147.91
2925,1875.84
2926,1410.95
2927,2029.83
2928,1993.09
2929,2070.63
2930,2053.95
2931,1737.69
2932,2155.63
2933,68675.38
2934,2025.73
2935,1581.38
2936,2133.17
2937,1625.34
2938,2046.08
2939,1915.53
2940,1741.41
2941,1996.76
2942,2073.13
2943,1976.66
2944,2692.81
2945,1792.21
2946,2484.50
2947,1942.60
2948,13442.97
2949,1757.96
2950,1817.07
2951,2496.10
2952,1924.03
2953,1704.03
2954,1382.57
2955,2953.50
2956,1455.39
2957,2061.54
2958,2553.34
2959,2127.30
2960,1781.23
2961,1964.16
2962,1800.91
2963,2260.06
2964,45998.55
2965,1827.45
2966,2049.87
2967,2000.98
2968,1892.11
2969,2358.27
2970,2456.82
2971,1669.26
2972,1698.68
2973,3021.62
2974,1463.14
2975,2055.47
2976,2220.36
2977,1820.58
2978,2019.47
2979,2916.75
2980,2183.11
2981,1497.87
2982,3882.24
2983,8645.66
2984,2481.02
2985,1680.94
2986,1529.14
2987,3764.53
2988,4391.80
2989,6505.42
2990,2279.11
2991,1862.13
2992,1936.24
2993,2214.98
2994,1695.17
2995,1613.52
2996,1700.57
2997,2113.36
2998,1980.56
2999,2019.65
3000,1591.06
3001,1526.20
3002,46298.06
3003,2283.31
3004,1868.64
3005,1724.12
3006,2467.21
3007,2107.31
3008,1817.49
3009,1769.79
3010,5080.04
3011,2057.21
3012,1866.64
3013,1642.16
3014,4471.70
3015,2127.04
3016,2516.59
3017,1825.96
3018,2013.84
3019,1573.06
3020,1825.54
3021,2166.18
3022,1951.56
3023,1731.71
3024,2198.19
3025,1940.71
3026,1374.24
3027,3896.34
3028,2519.83
3029,2134.95
3030,1442.96
3031,1823.97
3032,2448.93
3033,1686.33
3034,24444.32
3035,1713.55
3036,2247.92
3037,2390.18
3038,1710.88
3039,5981.79
3040,1984.64
3041,3207.18
3042,1767.74
3043,1767.42
3044,6944.32
3045,1529.31
3046,6635.99
3047,2064.21
3048,90867.41
3049,1923.01
3050,10395.25
3051,3004.32
3052,1933.12
3053,1325.81
3054,1943.34
3055,37754.43
3056,1543.99
3057,1869.87
3058,6569.49
3059,2620.65
3060,2788.77
3061,2275.12
3062,1544.02
3063,1292.88
3064,1653.11
3065,1459.66
3066,2019.20
3067,2049.39
3068,1723.06
3069,1585.10
3070,1222.37
3071,1630.47
3072,2624.33
3073,1838.63
3074,1615.63
3075,2048.95
3076,1755.70
3077,3340.41
3078,3208.56
3079,2372.01
3080,1400.51
3081,2280.78
3082,1760.43
3083,1936.33
3084,3373.65
3085,3330.91
3086,2173.86
3087,2079.75
3088,2180.43
3089,1576.12
3090,2255.86
3091,1852.91
3092,2065.40
3093,1375.73
3094,1832.01
3095,2311.77
3096,1937.70
3097,1455.36
3098,1635.58
3099,46059.52
3100,1839.92
3101,1966.18
3102,1876.88
3103,1261.81
3104,1312.66
3105,1252.71
3106,1551.63
3107,1737.75
3108,1614.06
3109,2101.25
3110,2523.47
3111,2222.19
3112,1680.09
3113,1740.23
3114,1432.93
3115,1775.47
3116,1198.18
3117,2090.78
3118,2211.50
3119,3502.46
3120,2835.47
3121,6834.74
3122,1912.19
3123,1755.27
3124,1882.43
3125,2032.30
3126,2211.16
3127,1902.26
3128,2166.96
3129,2254.04
3130,2798.35
3131,1682.91
3132,3895.62
3133,2108.92
3134,2905.23
3135,1513.12
3136,1764.45
3137,2689.92
3138,1486.08
3139,2054.01
3140,3980.08
3141,1802.04
3142,1875.96
3143,2189.37
3144,1746.58
3145,3723.73
3146,3548.65
3147,1669.82
3148,1826.94
3149,1843.96
3150,1760.53
3151,2058.35
3152,1919.75
3153,1659.37
3154,2063.94
3155,1727.54
3156,1964.41
3157,1520.26
3158,1727.15
3159,5331.11
3160,2298.33
3161,1567.26
3162,1693.34
3163,1974.80
3164,2539.95
3165,2327.49
3166,1905.32
3167,2137.06
3168,2372.60
3169,1783.33
3170,1618.95
3171,2741.61
3172,2968.46
3173,2133.95
3174,1598.33
3175,1874.92
3176,3721.34
3177,91293.26
3178,2275.34
3179,2909.45
3180,1832.16
3181,1859.89
3182,1603.71
3183,1715.38
3184,1329.05
3185,1798.51
3186,1435.69
3187,1818.37
3188,2042.23
3189,14108.60
3190,1483.92
3191,3578.34
3192,1613.41
3193,1951.47
3194,2039.45
3195,1626.00
3196,2129.64
3197,3661.54
3198,1834.18
3199,2402.86
3200,3751.63
3201,2501.25
3202,1973.04
3203,1943.50
3204,1509.49
3205,1758.77
3206,3901.57
3207,7007.05
3208,68355.40
3209,1834.84
3210,2194.43
3211,2370.86
3212,1743.46
3213,1311.38
3214,2648.71
3215,2175.85
3216,4162.73
3217,1991.59
3218,2100.23
3219,1582.25
3220,1657.86
3221,2391.60
3222,1330.22
3223,1842.12
3224,2662.76
3225,1867.88
3226,2180.90
3227,2343.53
3228,1908.87
3229,4751.16
3230,1815.28
3231,2464.64
3232,2276.34
3233,5426.85
3234,1354.63
3235,2035.82
3236,1702.61
3237,2009.36
3238,1647.30
3239,3098.39
3240,3980.85
3241,2963.19
3242,1665.76
3243,1955.64
3244,1772.04
3245,1629.66
3246,1944.60
3247,2342.48
3248,1940.31
3249,2047.08
3250,45510.86
3251,1271.01
3252,1897.00
3253,1971.00
3254,1876.32
3255,2166.36
3256,4962.98
3257,2702.25
3258,4842.72
3259,1580.14
3260,4855.22
3261,1890.38
3262,1811.89
3263,2455.29
3264,1983.64
3265,1695.53
3266,2012.84
3267,1493.11
3268,2339.05
3269,1686.74
3270,2004.06
3271,2199.78
3272,3407.89
3273,1743.56
3274,1679.19
3275,2168.92
3276,2012.03
3277,2207.41
3278,1367.63
3279,2205.49
3280,2117.41
3281,1835.40
3282,2621.78
3283,6311.98
3284,1733.72
3285,1907.96
3286,5823.04
3287,1899.81
3288,2069.26
3289,2411.50
3290,974.29
3291,3421.05
3292,2679.81
3293,1931.94
3294,2110.66
3295,4294.19
3296,1370.59
3297,1926.59
3298,1808.98
3299,1609.12
3300,4080.30
3301,1909.35
3302,2653.84
3303,2372.48
3304,1769.37
3305,2098.93
3306,1396.23
3307,5136.58
3308,2304.59
3309,1661.16
3310,2317.46
3311,2062.82
3312,1537.71
3313,1957.56
3314,1283.74
3315,1983.34
3316,1494.47
3317,2123.33
3318,1498.38
3319,1552.26
3320,1258.74
3321,2174.83
3322,1714.52
3323,2278.70
3324,1675.85
3325,1901.09
3326,1742.80
3327,3296.45
3328,1897.71
3329,2302.90
3330,2089.21
3331,1956.96
3332,2844.86
3333,1716.27
3334,1781.96
3335,2051.46
3336,2593.14
3337,2032.11
3338,2325.89
3339,35125.26
3340,2856.48
3341,1586.10
3342,1797.33
3343,1350.28
3344,1799.69
3345,1659.97
3346,2291.20
3347,1941.22
3348,1717.90
3349,2286.97
3350,2397.37
3351,2143.16
3352,2045.78
3353,1621.89
3354,1822.83
3355,2136.38
3356,2331.18
3357,1724.55
3358,2157.28
3359,1430.56
3360,2120.66
3361,2081.57
3362,2703.74
3363,1580.41
3364,2337.11
3365,1534.63
3366,1783.34
3367,2795.22
3368,2517.06
3369,2578.67
3370,1504.72
3371,2867.00
3372,2258.60
3373,2179.70
3374,3085.03
3375,1840.54
3376,1965.16
3377,2874.93
3378,2061.91
3379,1875.75
3380,2469.83
3381,3410.86
3382,1894.24
3383,3823.40
3384,1777.79
3385,1488.67
3386,1739.61
3387,2703.98
3388,1535.71
3389,2046.92
3390,1958.35
3391,2747.12
3392,2034.51
3393,2988.36
3394,1501.70
3395,1808.60
3396,3244.08
3397,1343.02
3398,1791.01
3399,1843.59
3400,5325.07
3401,5845.31
3402,2878.66
3403,1913.65
3404,3032.97
3405,1823.82
3406,2248.56
3407,2720.04
3408,1623.87
3409,1731.63
3410,2499.36
3411,79163.09
3412,1741.38
3413,1891.40
3414,1513.16
3415,1398.27
3416,1731.84
3417,2279.19
3418,2603.45
3419,1642.50
3420,2432.00
3421,3023.33
3422,4048.69
3423,2266.96
3424,1654.55
3425,1427.37
3426,1778.45
3427,2114.72
3428,2961.14
3429,1901.80
3430,2043.57
3431,1691.06
3432,3048.29
3433,1418.40
3434,2510.12
3435,2091.73
3436,5574.20
3437,68190.30
3438,1238.82
3439,2331.89
3440,1776.40
3441,5302.57
3442,1587.00
3443,2369.43
3444,101930.21
3445,2001.84
3446,2028.23
3447,1949.19
3448,1685.91
3449,2685.04
3450,1949.54
3451,3470.92
3452,2522.13
3453,1917.05
3454,1727.11
3455,1848.44
3456,2452.73
3457,3577.57
3458,1722.61
3459,4186.34
3460,3505.59
3461,1924.54
3462,2433.11
3463,1884.04
3464,1820.61
3465,1506.98
3466,2190.48
3467,2424.28
3468,1700.82
3469,2121.00
3470,1660.47
3471,1623.15
3472,1699.27
3473,1323.06
3474,2397.50
3475,1268.95
3476,1837.48
3477,1636.07
3478,90400.35
3479,4109.02
3480,2363.87
3481,2648.94
3482,1538.35
3483,1984.86
3484,1845.75
3485,8574.21
3486,2061.82
3487,2082.86
3488,1456.52
3489,1770.18
3490,2091.95
3491,2086.14
3492,1748.99
3493,90561.33
3494,2033.64
3495,12843.48
3496,1821.07
3497,2303.88
3498,3144.70
3499,2571.77
3500,1709.28
3501,1306.34
3502,1982.81
3503,1270.96
3504,2196.86
3505,2322.29
3506,2174.76
3507,1920.67
3508,3301.80
3509,1776.61
3510,1825.68
3511,1679.58
3512,1359.74
3513,2225.45
3514,2446.29
3515,1474.61
3516,1964.42
3517,2190.19
3518,1277.98
3519,1768.09
3520,1794.52
3521,1945.42
3522,2160.26
3523,2311.30
3524,1717.31
3525,35216.16
3526,3695.01
3527,1736.11
3528,1639.23
3529,2215.24
3530,2606.31
3531,1731.50
3532,1788.12
3533,1769.31
3534,2391.58
3535,1532.02
3536,2212.78
3537,1788.17
3538,1513.09
3539,1681.52
3540,1722.43
3541,2447.33
3542,2162.94
3543,46415.83
3544,6194.83
3545,1350.10
3546,1816.18
3547,1859.96
3548,2131.03
3549,3311.19
3550,2348.82
3551,1817.85
3552,2163.72
3553,1912.44
3554,4223.15
3555,1515.19
3556,45909.29
3557,1739.81
3558,1893.95
3559,2118.86
3560,1509.44
3561,2117.08
3562,1848.20
3563,2012.27
3564,1234.00
3565,1975.43
3566,2063.68
3567,2521.25
3568,2138.96
3569,1943.61
3570,2211.63
3571,2418.99
3572,2266.42
3573,2659.61
3574,12723.07
3575,2165.98
3576,2101.59
3577,2445.46
3578,2335.44
3579,1398.20
3580,1789.34
3581,7083.05
3582,2462.14
3583,2339.25
3584,1547.58
3585,2091.83
3586,1967.00
3587,2112.57
3588,1699.85
3589,1622.91
3590,1972.81
3591,1907.26
3592,2740.05
3593,2044.25
3594,2218.63
3595,1840.32
3596,2569.47
3597,1398.76
3598,2761.00
3599,1634.15
3600,1775.57
3601,1954.20
3602,1568.83
3603,1426.45
3604,1862.43
3605,1490.37
3606,1496.49
3607,8811.65
3608,1588.83
3609,2090.99
3610,2152.29
3611,2097.43
3612,1932.19
3613,2003.57
3614,1929.56
3615,1996.80
3616,1856.83
3617,1862.68
3618,1476.66
3619,1967.14
3620,40568.22
3621,2227.44
3622,1954.34
3623,1870.05
3624,57352.93
3625,2518.49
3626,1700.60
3627,2301.63
3628,1995.63
3629,2139.36
3630,1144.56
3631,1427.17
3632,3779.40
3633,3334.61
3634,1816.57
3635,3836.14
3636,2220.23
3637,1682.80
3638,2523.53
3639,2092.14
3640,45923.69
3641,89886.80
3642,1595.87
3643,1712.39
3644,2279.16
3645,1577.77
3646,1721.16
3647,2211.66
3648,2036.37
3649,2394.78
3650,2021.03
3651,1788.48
3652,1725.09
3653,2164.67
3654,2404.28
3655,1780.65
3656,1857.85
3657,1710.46
3658,1911.83
3659,1669.72
3660,2099.22
3661,1868.04
3662,3192.00
3663,2634.16
3664,1602.56
3665,2193.24
3666,2202.18
3667,1886.58
3668,2806.65
3669,2022.26
3670,2057.62
3671,1845.46
3672,1674.51
3673,35238.08
3674,1880.69
3675,1578.02
3676,2351.08
3677,1540.57
3678,1996.38
3679,2743.54
3680,1946.99
3681,1737.69
3682,3203.38
3683,2255.44
3684,1960.68
3685,1851.36
3686,2062.26
3687,2226.55
3688,2169.00
3689,2297.92
3690,1524.40
3691,2336.36
3692,1942.44
3693,1719.48
3694,2324.35
3695,2786.30
3696,34799.53
3697,1596.88
3698,2065.97
3699,1969.72
3700,1259.98
3701,1678.65
3702,1818.83
3703,1842.03
3704,1840.27
3705,1630.09
3706,1698.67
3707,2184.08
3708,2573.40
3709,1771.71
3710,1542.02
3711,1816.82
3712,1882.77
3713,8074.54
3714,2033.92
3715,1798.51
3716,1853.11
3717,2381.40
3718,1999.42
3719,1613.82
3720,1525.65
3721,1720.03
3722,3525.39
3723,1421.91
3724,79370.94
3725,2292.81
3726,2029.87
3727,2446.06
3728,1636.22
3729,1666.35
3730,1686.16
3731,1758.83
3732,2078.49
3733,1789.20
3734,3232.67
3735,1807.59
3736,2212.12
3737,2693.02
3738,2192.33
3739,1521.22
3740,1530.08
3741,2207.19
3742,1422.46
3743,3029.11
3744,46169.77
3745,3781.08
3746,1708.29
3747,1786.06
3748,2298.50
3749,2288.93
3750,1602.93
3751,3058.43
3752,2318.84
3753,2348.59
3754,2014.13
3755,1489.28
3756,1937.43
3757,2052.82
3758,34641.90
3759,1940.57
3760,2150.19
3761,2352.79
3762,1600.87
3763,1275.46
3764,1853.75
3765,1781.80
3766,1979.15
3767,2032.45
3768,1981.17
3769,2017.52
3770,2322.24
3771,2327.78
3772,2244.06
3773,2530.61
3774,2009.37
3775,2585.13
3776,5328.23
3777,2408.62
3778,1647.14
3779,1405.57
3780,1804.84
3781,2026.17
3782,2028.11
3783,2064.09
3784,2078.95
3785,1868.13
3786,2504.05
3787,2211.16
3788,2091.55
3789,2245.31
3790,1719.17
3791,1652.92
3792,2818.55
3793,3791.70
3794,2188.78
3795,2138.92
3796,2605.91
3797,1781.96
3798,2186.67
3799,3078.73
3800,2138.99
3801,1705.71
3802,1823.77
3803,1899.32
3804,1931.54
3805,1943.81
3806,5057.64
3807,2308.49
3808,2221.31
3809,1596.53
3810,1536.60
3811,2065.81
3812,1787.32
3813,2255.47
3814,1851.96
3815,1839.97
3816,1627.78
3817,2039.05
3818,3475.16
3819,2889.30
3820,2137.22
3821,1764.63
3822,1729.57
3823,1963.43
3824,2143.60
3825,2165.89
3826,1964.46
3827,1978.53
3828,1961.87
3829,3065.56
3830,1571.29
3831,1063.87
3832,90847.53
3833,1681.51
3834,1808.47
3835,2083.16
3836,4144.68
3837,1360.82
3838,2103.94
3839,1811.93
3840,46191.39
3841,2263.89
3842,1843.06
3843,1679.77
3844,101230.18
3845,1218.97
3846,1546.70
3847,4982.38
3848,1833.08
3849,2509.23
3850,1982.16
3851,1900.81
3852,2071.86
3853,1673.22
3854,2141.79
3855,2451.91
3856,1745.89
3857,2502.36
3858,4598.09
3859,2244.92
3860,47062.46
3861,1830.89
3862,1265.08
3863,1554.43
3864,1940.33
3865,1682.47
3866,2085.64
3867,2125.19
3868,1867.74
3869,1755.71
3870,1644.38
3871,1987.16
3872,2085.74
3873,1985.67
3874,7108.76
3875,2167.30
3876,2088.18
3877,1670.69
3878,1996.86
3879,2472.11
3880,1805.62
3881,2046.39
3882,1641.73
3883,1974.39
3884,2714.78
3885,2276.79
3886,1738.92
3887,1765.73
3888,5143.27
3889,1756.70
3890,1945.73
3891,1440.18
3892,1305.33
3893,1997.36
3894,2188.39
3895,1542.80
3896,1855.42
3897,2096.01
3898,2558.33
3899,2431.97
3900,2118.72
3901,101824.93
3902,1565.82
3903,2092.82
3904,2036.04
3905,1893.89
3906,1654.01
3907,2115.59
3908,1649.89
3909,2176.10
3910,1351.57
3911,1695.94
3912,1592.34
3913,1961.48
3914,1856.93
3915,1935.67
3916,2421.84
3917,2555.60
3918,1626.39
3919,1761.47
3920,1620.94
3921,1373.95
3922,1703.84
3923,2077.42
3924,3080.38
3925,2366.27
3926,1704.34
3927,1976.01
3928,2188.91
3929,5719.96
3930,2022.93
3931,2110.46
3932,1653.55
3933,1214.40
3934,2172.58
3935,2040.69
3936,1878.91
3937,1689.26
3938,3987.71
3939,1897.49
3940,2382.72
3941,1728.68
3942,2143.60
3943,1804.71
3944,2745.09
3945,2053.77
3946,1909.43
3947,34992.22
3948,1825.84
3949,1906.93
3950,1225.48
3951,90499.96
3952,2057.23
3953,2005.91
3954,1452.02
3955,2535.81
3956,2869.35
3957,2007.34
3958,1467.64
3959,1511.03
3960,1857.93
3961,1772.01
3962,1833.75
3963,1641.92
3964,1914.99
3965,101672.74
3966,1863.22
3967,2197.13
3968,1510.20
3969,1763.79
3970,1858.69
3971,1860.47
3972,1478.98
3973,2110.19
3974,2114.69
3975,1989.01
3976,2587.22
3977,1891.11
3978,1433.70
3979,1685.74
3980,1655.74
3981,2672.12
3982,67689.43
3983,2255.20
3984,2863.10
3985,1881.67
3986,2449.55
3987,1594.87
3988,1176.17
3989,2807.09
3990,1542.89
3991,2236.03
3992,6246.24
3993,1579.09
3994,1366.90
3995,2174.24
3996,1982.70
3997,1788.83
3998,1793.28
3999,4230.76
4000,1730.36
4001,1956.71
4002,1638.89
4003,2631.43
4004,1964.46
4005,2440.45
4006,2318.40
4007,1724.36
4008,1493.12
4009,6775.92
4010,1512.20
4011,1754.49
4012,2166.66
4013,4993.06
4014,2578.23
4015,2169.28
4016,1962.01
4017,2164.80
4018,2863.26
4019,1354.21
4020,1197.51
4021,2176.07
4022,1953.22
4023,1809.92
4024,1916.21
4025,1968.78
4026,1987.62
4027,2240.20
4028,1848.95
4029,1843.87
4030,1511.75
4031,1243.70
4032,2162.29
4033,1921.16
4034,1915.31
4035,1619.64
4036,1568.05
4037,1828.94
4038,1481.87
4039,2403.92
4040,45965.21
4041,1992.72
4042,1844.47
4043,3884.73
4044,1959.69
4045,1910.12
4046,1897.15
4047,1560.99
4048,2024.63
4049,2214.02
4050,1663.88
4051,1854.73
4052,1547.72
4053,2601.65
4054,2742.00
4055,2258.73
4056,45717.91
4057,2253.97
4058,2802.67
4059,1442.44
4060,2403.40
4061,2209.42
4062,1980.93
4063,1808.99
4064,2159.05
4065,2172.91
4066,1950.74
4067,1722.30
4068,2222.68
4069,1890.88
4070,2399.30
4071,3761.67
4072,1410.74
4073,2628.56
4074,2226.44
4075,1429.95
4076,2402.16
4077,2328.16
4078,2157.29
4079,1693.03
4080,2236.38
4081,2173.44
4082,2316.42
4083,13430.24
4084,2304.75
4085,1720.99
4086,2272.47
4087,3306.57
4088,2003.26
4089,1909.21
4090,1423.17
4091,3446.38
4092,1578.49
4093,3343.71
4094,1935.87
4095,1638.18
4096,1856.17
4097,1931.78
4098,56663.66
4099,1967.38
4100,2160.12
4101,4214.11
4102,2559.93
4103,2121.26
4104,2065.68
4105,1978.01
4106,1732.55
4107,1631.24
4108,2091.27
4109,2107.50
4110,2223.82
4111,2035.01
4112,1723.49
4113,1952.12
4114,1823.01
4115,3385.00
4116,2389.28
4117,2915.00
4118,2009.02
4119,2090.71
4120,2662.14
4121,2401.67
4122,2239.80
4123,46201.19
4124,2882.69
4125,2319.21
4126,1681.57
4127,1857.25
4128,2149.27
4129,2447.19
4130,1891.86
4131,2466.23
4132,2314.97
4133,2237.76
4134,2540.05
4135,2820.97
4136,1428.11
4137,2295.62
4138,1717.16
4139,1705.69
4140,2273.81
4141,2263.64
4142,1749.48
4143,2270.82
4144,2777.54
4145,1990.93
4146,45844.42
4147,1840.15
4148,1653.33
4149,1822.24
4150,2345.36
4151,1516.90
4152,90768.98
4153,2286.40
4154,2663.51
4155,3202.94
4156,1772.12
4157,1410.91
4158,2218.51
4159,2372.76
4160,1758.15
4161,1556.59
4162,1577.55
4163,2022.06
4164,1591.64
4165,1738.44
4166,1786.84
4167,2000.05
4168,1625.98
4169,1571.74
4170,1805.89
4171,2330.05
4172,2463.25
4173,1342.39
4174,1832.95
4175,1732.48
4176,1783.53
4177,1952.94
4178,2291.38
4179,2305.04
4180,4230.40
4181,1752.40
4182,2428.03
4183,5905.67
4184,2780.51
4185,1912.41
4186,2250.91
4187,2735.90
4188,2154.37
4189,2139.98
4190,2630.06
4191,2163.93
4192,2096.78
4193,57307.85
4194,1583.52
4195,1747.74
4196,3759.48
4197,1770.81
4198,2271.89
4199,2021.51
4200,1929.12
4201,2423.22
4202,1580.72
4203,2972.04
4204,2234.78
4205,2763.47
4206,2430.27
4207,1278.74
4208,1645.12
4209,2443.93
4210,2395.42
4211,1409.87
4212,2078.70
4213,1294.86
4214,4439.32
4215,1811.78
4216,1825.16
4217,1409.90
4218,1852.49
4219,2193.74
4220,2017.86
4221,2044.77
4222,1775.68
4223,1663.50
4224,2765.07
4225,1777.33
4226,6729.55
4227,2611.80
4228,2152.23
4229,1453.39
4230,1408.82
4231,2840.85
4232,2422.10
4233,12552.32
4234,1690.86
4235,2286.46
4236,3939.46
4237,1631.27
4238,3049.29
4239,1496.05
4240,6181.08
4241,1979.20
4242,2415.69
4243,1917.47
4244,1974.55
4245,2037.60
4246,1483.37
4247,2002.53
4248,1836.79
4249,2354.18
4250,1598.09
4251,1845.11
4252,1920.32
4253,80099.84
4254,2170.26
4255,1905.44
4256,2170.16
4257,3990.75
4258,2965.80
4259,1966.58
4260,3653.99
4261,2156.51
4262,1930.07
4263,2498.14
4264,1477.32
4265,1870.66
4266,1980.97
4267,1873.68
4268,1954.96
4269,1474.32
4270,2999.93
4271,2478.85
4272,1759.44
4273,2360.25
4274,2095.42
4275,2085.19
4276,1594.60
4277,2533.58
4278,1590.41
4279,2165.08
4280,1658.11
4281,2089.92
4282,6386.22
4283,2331.20
4284,2310.58
4285,68769.13
4286,1702.80
4287,1378.10
4288,2924.13
4289,2194.04
4290,2267.05
4291,1767.42
4292,2429.51
4293,2463.37
4294,1664.20
4295,1872.76
4296,2427.09
4297,1983.51
4298,2042.84
4299,1660.21
4300,2054.16
4301,2812.06
4302,1648.70
4303,2001.09
4304,2297.20
4305,1531.53
4306,1494.54
4307,1642.86
4308,1586.49
4309,1845.35
4310,1915.81
4311,1785.97
4312,2005.42
4313,1654.21
4314,1499.03
4315,1366.81
4316,1878.81
4317,1687.32
4318,1742.96
4319,1802.60
4320,1896.26
4321,1839.82
4322,1992.23
4323,1978.08
4324,34595.69
4325,1905.77
4326,1644.73
4327,3096.39
4328,3673.14
4329,2091.37
4330,1906.61
4331,1940.24
4332,1327.34
4333,1519.35
4334,2131.12
4335,1729.27
4336,1826.23
4337,1624.26
4338,68314.54
4339,1882.00
4340,5309.38
4341,1996.52
4342,1729.87
4343,2485.31
4344,2610.81
4345,1694.00
4346,1983.24
4347,2233.78
4348,1687.74
4349,2172.77
4350,2417.93
4351,3470.87
4352,4237.52
4353,1943.85
4354,2491.47
4355,2376.17
4356,2743.85
4357,1740.03
4358,1853.19
4359,13547.80
4360,2579.65
4361,1528.14
4362,3143.98
4363,1660.34
4364,1589.87
4365,2127.73
4366,4064.58
4367,2567.39
4368,2228.17
4369,2185.87
4370,1469.99
4371,1839.88
4372,46293.82
4373,1859.31
4374,2338.95
4375,1959.32
4376,2832.86
4377,1850.56
4378,1538.01
4379,2435.06
4380,1576.24
4381,1610.66
4382,1684.14
4383,1323.08
4384,2807.80
4385,1938.28
4386,2185.53
4387,1486.73
4388,3149.33
4389,1476.96
4390,1927.09
4391,2934.89
4392,2186.54
4393,2006.03
4394,2000.22
4395,5777.52
4396,1758.23
4397,1402.30
4398,2077.43
4399,2380.63
4400,1436.85
4401,1970.08
4402,2042.95
4403,5312.69
4404,2177.50
4405,2026.68
4406,2933.80
4407,2091.47
4408,1708.94
4409,90036.19
4410,2233.59
4411,1656.27
4412,1755.39
4413,2462.67
4414,1965.71
4415,1664.09
4416,2256.44
4417,2259.44
4418,1384.69
4419,1933.48
4420,4827.62
4421,2004.62
4422,1829.52
4423,1825.71
4424,1764.30
4425,3173.55
4426,2059.93
4427,1411.14
4428,4153.27
4429,1956.00
4430,3387.24
4431,79880.78
4432,1614.76
4433,3024.66
4434,1760.68
4435,2113.89
4436,1962.04
4437,1841.99
4438,1855.11
4439,7675.55
4440,1575.34
4441,2140.37
4442,2364.36
4443,2502.50
4444,2082.23
4445,1910.78
4446,1744.44
4447,2187.72
4448,1624.94
4449,1888.14
4450,1997.28
4451,7861.97
4452,2027.40
4453,1516.54
4454,2527.90
4455,2597.53
4456,6628.98
4457,1688.05
4458,1764.30
4459,1365.35
4460,1708.43
4461,2238.66
4462,1350.48
4463,1642.71
4464,1868.16
4465,2206.81
4466,2443.06
4467,2296.14
4468,7178.02
4469,1515.64
4470,2033.44
4471,2901.54
4472,1657.64
4473,1569.94
4474,1697.61
4475,2149.84
4476,2244.86
4477,1960.68
4478,2323.10
4479,1484.29
4480,1700.31
4481,1644.20
4482,1152.50
4483,2289.74
4484,1975.83
4485,3912.20
4486,7418.65
4487,1940.28
4488,2502.89
4489,2184.78
4490,3393.64
4491,1832.65
4492,1593.90
4493,1868.91
4494,1463.12
4495,1754.51
4496,2244.68
4497,1727.26
4498,2381.34
4499,2202.12
4500,2334.62
4501,2219.75
4502,2214.62
4503,1866.52
4504,1774.56
4505,1867.29
4506,1598.92
4507,4145.35
4508,1880.48
4509,2361.30
4510,2657.72
4511,1608.97
4512,1771.01
4513,1810.07
4514,1662.05
4515,2016.22
4516,2038.22
4517,7064.59
4518,1795.79
4519,1606.97
4520,2172.00
4521,7456.81
4522,2444.96
4523,5782.12
4524,3601.32
4525,1554.14
4526,1823.80
4527,2281.29
4528,1495.10
4529,1999.80
4530,1668.10
4531,1783.07
4532,1510.30
4533,2131.52
4534,1750.22
4535,1806.79
4536,2241.66
4537,1627.61
4538,1908.29
4539,2089.96
4540,1867.38
4541,1294.78
4542,2071.59
4543,1925.66
4544,1851.76
4545,1445.15
4546,1772.57
4547,4271.18
4548,2028.45
4549,1921.97
4550,3916.17
4551,1955.75
4552,1859.18
4553,2069.17
4554,2184.97
4555,2149.17
4556,1824.90
4557,1466.91
4558,2674.76
4559,1347.53
4560,3962.00
4561,1979.47
4562,1916.26
4563,1429.94
4564,2572.32
4565,1917.21
4566,1670.46
4567,2210.93
4568,1966.76
4569,1708.19
4570,3045.88
4571,1924.79
4572,2092.92
4573,1363.43
4574,1821.31
4575,1527.51
4576,1532.96
4577,2250.52
4578,2074.14
4579,3502.67
4580,2005.62
4581,1655.70
4582,1492.80
4583,2027.13
4584,1963.45
4585,57651.75
4586,2764.33
4587,1933.98
4588,2249.33
4589,1871.68
4590,2309.69
4591,1903.68
4592,1911.11
4593,1691.43
4594,2155.98
4595,2315.57
4596,2712.35
4597,1850.87
4598,1512.96
4599,1908.88
4600,3117.02
4601,1959.52
4602,1624.79
4603,1794.22
4604,2801.96
4605,1578.68
4606,1571.02
4607,1439.33
4608,1854.44
4609,2248.33
4610,8344.76
4611,2447.79
4612,1827.76
4613,2655.28
4614,2176.91
4615,1812.02
4616,1771.97
4617,2073.44
4618,2151.10
4619,1764.64
4620,2178.70
4621,1838.67
4622,2627.31
4623,1646.14
4624,1306.20
4625,1850.22
4626,1644.87
4627,1880.76
4628,23770.04
4629,1510.44
4630,2699.93
4631,1729.88
4632,2567.03
4633,1847.25
4634,1556.58
4635,2004.75
4636,1854.65
4637,1346.64
4638,2669.38
4639,2289.95
4640,1800.77
4641,1807.38
4642,1977.91
4643,1985.79
4644,2012.90
4645,2028.53
4646,2291.50
4647,1904.28
4648,1505.54
4649,4773.16
4650,1864.55
4651,1494.35
4652,46349.59
4653,2443.76
4654,1846.75
4655,1409.29
4656,2325.93
4657,2535.69
4658,2156.41
4659,2042.27
4660,2695.76
4661,1700.33
4662,1526.96
4663,1772.96
4664,1753.36
4665,1328.78
4666,1764.40
4667,1767.24
4668,2346.29
4669,1965.26
4670,1640.69
4671,1706.27
4672,1866.41
4673,101535.16
4674,2047.99
4675,5131.08
4676,36759.42
4677,1419.90
4678,1970.53
4679,2380.02
4680,2339.58
4681,2542.86
4682,1563.89
4683,2301.77
4684,1729.18
4685,2024.52
4686,1478.90
4687,1769.53
4688,1701.05
4689,2282.97
4690,90369.60
4691,2166.56
4692,1477.14
4693,1808.47
4694,1977.19
4695,1556.48
4696,3684.56
4697,2161.21
4698,1563.99
4699,1887.67
4700,2092.38
4701,1837.75
4702,2570.20
4703,4275.40
4704,2351.38
4705,2765.27
4706,1749.37
4707,2529.37
4708,2824.20
4709,1549.29
4710,1377.49
4711,2527.19
4712,1730.27
4713,1711.47
4714,1941.91
4715,2015.32
4716,1692.18
4717,1835.02
4718,1645.60
4719,2492.96
4720,1970.31
4721,1546.50
4722,2142.84
4723,1529.05
4724,2055.36
4725,2001.90
4726,1823.38
4727,1848.96
4728,7248.29
4729,2356.77
4730,1976.18
4731,1781.74
4732,2282.09
4733,2089.08
4734,3491.44
4735,1651.12
4736,1914.00
4737,1973.83
4738,1355.10
4739,8473.34
4740,2143.57
4741,1727.83
4742,1932.58
4743,2123.44
4744,1756.70
4745,1797.01
4746,5517.62
4747,1596.55
4748,5147.25
4749,2188.42
4750,1455.95
4751,1747.05
4752,1849.98
4753,46163.34
4754,2171.31
4755,2609.54
4756,68114.13
4757,3760.28
4758,2013.97
4759,7633.17
4760,101800.50
4761,2215.19
4762,1882.95
4763,1479.44
4764,2180.46
4765,1900.49
4766,1452.82
4767,1678.89
4768,1512.26
4769,2247.51
4770,2016.09
4771,1498.07
4772,1339.35
4773,2332.05
4774,1932.03
4775,2775.06
4776,2986.59
4777,2802.44
4778,1747.83
4779,2304.91
4780,1883.45
4781,4674.20
4782,2156.96
4783,6916.35
4784,1775.64
4785,1393.71
4786,1596.10
4787,1888.13
4788,2080.65
4789,3156.13
4790,1488.80
4791,2042.81
4792,1974.80
4793,2356.13
4794,2009.04
4795,1986.36
4796,1292.43
4797,1961.29
4798,1843.82
4799,1887.87
4800,6980.31
4801,1808.16
4802,79783.24
4803,2143.32
4804,1348.84
4805,1400.53
4806,1871.65
4807,2401.02
4808,1964.86
4809,2001.66
4810,1767.85
4811,2477.90
4812,1840.49
4813,2090.99
4814,1681.94
4815,1690.49
4816,1469.54
4817,2069.10
4818,1902.91
4819,1790.00
4820,2306.85
4821,1721.05
4822,1231.60
4823,2095.50
4824,1635.54
4825,1981.10
4826,1705.48
4827,1613.98
4828,1698.40
4829,2434.79
4830,1358.13
4831,90504.46
4832,1669.43
4833,1529.74
4834,1822.80
4835,2021.65
4836,46134.49
4837,1960.18
4838,3576.95
4839,1906.00
4840,2256.66
4841,2544.30
4842,1969.88
4843,1712.43
4844,2291.77
4845,2105.83
4846,1531.27
4847,23852.39
4848,5982.73
4849,1914.20
4850,2102.72
4851,2492.17
4852,2097.81
4853,2136.94
4854,80267.24
4855,7761.59
4856,1611.53
4857,2095.20
4858,7389.68
4859,1479.23
4860,1578.45
4861,3166.59
4862,79717.08
4863,2398.28
4864,4963.48
4865,1489.86
4866,2322.79
4867,1945.46
4868,1488.75
4869,1790.55
4870,4983.86
4871,2128.77
4872,2403.75
4873,1624.08
4874,2219.45
4875,1425.08
4876,1926.30
4877,1885.45
4878,2101.54
4879,1637.77
4880,2312.85
4881,1990.42
4882,1618.01
4883,2369.03
4884,1870.36
4885,1907.98
4886,1653.62
4887,3475.11
4888,1338.05
4889,1562.07
4890,6050.41
4891,2552.11
4892,1867.67
4893,2269.62
4894,2689.51
4895,2197.92
4896,2026.05
4897,1633.26
4898,2004.88
4899,2033.03
4900,2161.69
4901,1792.83
4902,1673.85
4903,2719.79
4904,8318.16
4905,1951.17
4906,1591.70
4907,2897.79
4908,1612.44
4909,2030.42
4910,1855.56
4911,1918.95
4912,2110.81
4913,7041.81
4914,1946.27
4915,2265.72
4916,1724.58
4917,3825.61
4918,2345.21
4919,1946.65
4920,1953.28
4921,2108.46
4922,1842.09
4923,3694.39
4924,1402.42
4925,1459.45
4926,2890.76
4927,1761.88
4928,1811.14
4929,1998.98
4930,1669.67
4931,1554.96
4932,1712.16
4933,5565.88
4934,1848.04
4935,1917.17
4936,1583.20
4937,1771.47
4938,1985.04
4939,2268.31
4940,1883.90
4941,2691.34
4942,2247.84
4943,1707.01
4944,1374.68
4945,1908.73
4946,2021.65
4947,1711.59
4948,1848.25
4949,1782.68
4950,2292.03
4951,1782.58
4952,1509.92
4953,2016.92
4954,1423.30
4955,1819.28
4956,1977.54
4957,2282.30
4958,2422.92
4959,2561.09
4960,103146.70
4961,2564.09
4962,1424.22
4963,3674.70
4964,1872.38
4965,1957.72
4966,2073.72
4967,1712.38
4968,1575.20
4969,1923.32
4970,1499.51
4971,2534.77
4972,2311.37
4973,1960.82
4974,2143.52
4975,1950.29
4976,2489.85
4977,2053.57
4978,1231.92
4979,1986.04
4980,1391.11
4981,2122.09
4982,1936.62
4983,2329.64
4984,1522.77
4985,1829.44
4986,3504.19
4987,1439.88
4988,2031.13
4989,2070.46
4990,1498.26
4991,1814.19
4992,1969.26
4993,2551.52
4994,1557.79
4995,2390.78
4996,1908.36
4997,2508.56
4998,3451.68
4999,1391.92
5000,2322.02
5001,1315.62
