StateCode,Origin,Reporting_Airline,Flights,Total Flights per state,Total Flights per airport
AK,ADK,AS,25,8624,25
AK,ADQ,AS,134,8624,134
AK,AKN,AS,42,8624,42
AK,ANC,AA,37,8624,4120
AK,ANC,AS,3280,8624,4120
AK,ANC,B6,14,8624,4120
AK,ANC,CO,106,8624,4120
AK,ANC,DL,308,8624,4120
AK,ANC,F9,13,8624,4120
AK,ANC,G4,1,8624,4120
AK,ANC,HP,8,8624,4120
AK,ANC,NW,121,8624,4120
AK,ANC,TW,15,8624,4120
AK,ANC,UA,171,8624,4120
AK,ANC,US,44,8624,4120
AK,ANC,VX,2,8624,4120
AK,BET,AS,218,8624,218
AK,BRW,AS,170,8624,170
AK,CDV,AS,168,8624,168
AK,DLG,AS,27,8624,27
AK,DUT,AS,41,8624,41
AK,FAI,AS,892,8624,985
AK,FAI,DL,59,8624,985
AK,FAI,F9,3,8624,985
AK,FAI,NW,20,8624,985
AK,FAI,UA,11,8624,985
AK,GST,AS,17,8624,17
AK,JNU,AS,889,8624,899
AK,JNU,DL,9,8624,899
AK,JNU,OO,1,8624,899
AK,KTN,AS,484,8624,487
AK,KTN,OO,3,8624,487
AK,OME,AS,215,8624,215
AK,OTZ,AS,215,8624,215
AK,PSG,AS,165,8624,165
AK,SCC,AS,148,8624,148
AK,SIT,AS,259,8624,268
AK,SIT,OO,9,8624,268
AK,WRG,AS,136,8624,136
AK,YAK,AS,144,8624,144
AL,BFM,F9,3,7790,3
AL,BHM,9E,81,7790,3983
AL,BHM,AA,216,7790,3983
AL,BHM,CO,56,7790,3983
AL,BHM,DH,10,7790,3983
AL,BHM,DL,645,7790,3983
AL,BHM,EV,401,7790,3983
AL,BHM,F9,3,7790,3983
AL,BHM,MQ,85,7790,3983
AL,BHM,NW,117,7790,3983
AL,BHM,OH,197,7790,3983
AL,BHM,OO,160,7790,3983
AL,BHM,UA,8,7790,3983
AL,BHM,US,87,7790,3983
AL,BHM,WN,1560,7790,3983
AL,BHM,XE,228,7790,3983
AL,BHM,YV,126,7790,3983
AL,BHM,YX,3,7790,3983
AL,DHN,EV,196,7790,234
AL,DHN,OH,1,7790,234
AL,DHN,OO,37,7790,234
AL,HSV,9E,89,7790,1766
AL,HSV,AA,142,7790,1766
AL,HSV,DH,24,7790,1766
AL,HSV,DL,393,7790,1766
AL,HSV,EV,472,7790,1766
AL,HSV,F9,3,7790,1766
AL,HSV,FL,30,7790,1766
AL,HSV,MQ,184,7790,1766
AL,HSV,OH,169,7790,1766
AL,HSV,OO,41,7790,1766
AL,HSV,US,32,7790,1766
AL,HSV,XE,96,7790,1766
AL,HSV,YV,71,7790,1766
AL,HSV,YX,20,7790,1766
AL,MGM,9E,43,7790,685
AL,MGM,DL,34,7790,685
AL,MGM,EV,445,7790,685
AL,MGM,MQ,81,7790,685
AL,MGM,OH,11,7790,685
AL,MGM,OO,51,7790,685
AL,MGM,XE,19,7790,685
AL,MGM,YV,1,7790,685
AL,MOB,9E,55,7790,1119
AL,MOB,DL,242,7790,1119
AL,MOB,EV,452,7790,1119
AL,MOB,MQ,126,7790,1119
AL,MOB,OH,17,7790,1119
AL,MOB,OO,45,7790,1119
AL,MOB,XE,150,7790,1119
AL,MOB,YV,32,7790,1119
AR,FSM,9E,25,5982,419
AR,FSM,EV,81,5982,419
AR,FSM,MQ,278,5982,419
AR,FSM,OO,18,5982,419
AR,FSM,YV,17,5982,419
AR,LIT,9E,32,5982,3180
AR,LIT,AA,104,5982,3180
AR,LIT,DL,394,5982,3180
AR,LIT,EV,431,5982,3180
AR,LIT,F9,11,5982,3180
AR,LIT,G4,4,5982,3180
AR,LIT,MQ,709,5982,3180
AR,LIT,NW,121,5982,3180
AR,LIT,OH,49,5982,3180
AR,LIT,OO,110,5982,3180
AR,LIT,TW,57,5982,3180
AR,LIT,WN,884,5982,3180
AR,LIT,XE,239,5982,3180
AR,LIT,YV,32,5982,3180
AR,LIT,YX,3,5982,3180
AR,TXK,EV,21,5982,234
AR,TXK,MQ,199,5982,234
AR,TXK,OO,13,5982,234
AR,TXK,XE,1,5982,234
AR,XNA,9E,139,5982,2149
AR,XNA,AA,131,5982,2149
AR,XNA,DL,33,5982,2149
AR,XNA,EV,457,5982,2149
AR,XNA,G4,8,5982,2149
AR,XNA,MQ,859,5982,2149
AR,XNA,NW,11,5982,2149
AR,XNA,OH,66,5982,2149
AR,XNA,OO,228,5982,2149
AR,XNA,XE,182,5982,2149
AR,XNA,YV,7,5982,2149
AR,XNA,YX,28,5982,2149
AZ,AZA,F9,2,43635,103
AZ,AZA,G4,101,43635,103
AZ,FLG,EV,1,43635,233
AZ,FLG,OO,102,43635,233
AZ,FLG,YV,130,43635,233
AZ,IFP,OO,6,43635,6
AZ,PHX,AA,3542,43635,38450
AZ,PHX,AS,663,43635,38450
AZ,PHX,B6,128,43635,38450
AZ,PHX,CO,543,43635,38450
AZ,PHX,DL,1424,43635,38450
AZ,PHX,EV,27,43635,38450
AZ,PHX,F9,310,43635,38450
AZ,PHX,FL,61,43635,38450
AZ,PHX,HA,63,43635,38450
AZ,PHX,HP,5110,43635,38450
AZ,PHX,MQ,42,43635,38450
AZ,PHX,NK,36,43635,38450
AZ,PHX,NW,487,43635,38450
AZ,PHX,OH,1,43635,38450
AZ,PHX,OO,1870,43635,38450
AZ,PHX,TW,76,43635,38450
AZ,PHX,TZ,52,43635,38450
AZ,PHX,UA,1581,43635,38450
AZ,PHX,US,6183,43635,38450
AZ,PHX,WN,13461,43635,38450
AZ,PHX,XE,65,43635,38450
AZ,PHX,YV,2725,43635,38450
AZ,PRC,OO,12,43635,12
AZ,TUS,AA,755,43635,4401
AZ,TUS,AS,80,43635,4401
AZ,TUS,B6,7,43635,4401
AZ,TUS,CO,108,43635,4401
AZ,TUS,DL,250,43635,4401
AZ,TUS,EV,58,43635,4401
AZ,TUS,F9,40,43635,4401
AZ,TUS,G4,5,43635,4401
AZ,TUS,HP,173,43635,4401
AZ,TUS,MQ,19,43635,4401
AZ,TUS,NW,56,43635,4401
AZ,TUS,OO,1036,43635,4401
AZ,TUS,UA,188,43635,4401
AZ,TUS,US,17,43635,4401
AZ,TUS,WN,1138,43635,4401
AZ,TUS,XE,143,43635,4401
AZ,TUS,YV,327,43635,4401
AZ,TUS,YX,1,43635,4401
AZ,YUM,OO,312,43635,430
AZ,YUM,YV,118,43635,430
CA,ACV,OO,545,164497,545
CA,BFL,AA,4,164497,639
CA,BFL,F9,1,164497,639
CA,BFL,MQ,21,164497,639
CA,BFL,OO,486,164497,639
CA,BFL,XE,27,164497,639
CA,BFL,YV,100,164497,639
CA,BUR,AA,155,164497,5851
CA,BUR,AS,307,164497,5851
CA,BUR,B6,144,164497,5851
CA,BUR,DL,7,164497,5851
CA,BUR,HP,120,164497,5851
CA,BUR,NK,5,164497,5851
CA,BUR,OO,767,164497,5851
CA,BUR,UA,298,164497,5851
CA,BUR,US,44,164497,5851
CA,BUR,WN,3896,164497,5851
CA,BUR,YV,108,164497,5851
CA,CEC,OO,108,164497,108
CA,CIC,OO,145,164497,145
CA,CLD,OO,288,164497,296
CA,CLD,YV,8,164497,296
CA,FAT,AA,134,164497,2257
CA,FAT,F9,8,164497,2257
CA,FAT,G4,8,164497,2257
CA,FAT,MQ,320,164497,2257
CA,FAT,OO,1559,164497,2257
CA,FAT,UA,10,164497,2257
CA,FAT,US,11,164497,2257
CA,FAT,XE,29,164497,2257
CA,FAT,YV,178,164497,2257
CA,IPL,OO,71,164497,71
CA,IYK,OO,105,164497,105
CA,LAX,AA,7142,164497,46547
CA,LAX,AS,1887,164497,46547
CA,LAX,B6,473,164497,46547
CA,LAX,CO,969,164497,46547
CA,LAX,DH,2,164497,46547
CA,LAX,DL,4393,164497,46547
CA,LAX,EV,23,164497,46547
CA,LAX,F9,300,164497,46547
CA,LAX,FL,151,164497,46547
CA,LAX,G4,30,164497,46547
CA,LAX,HA,228,164497,46547
CA,LAX,HP,616,164497,46547
CA,LAX,MQ,2707,164497,46547
CA,LAX,NK,383,164497,46547
CA,LAX,NW,742,164497,46547
CA,LAX,OO,7722,164497,46547
CA,LAX,TW,117,164497,46547
CA,LAX,TZ,81,164497,46547
CA,LAX,UA,7663,164497,46547
CA,LAX,US,1069,164497,46547
CA,LAX,VX,896,164497,46547
CA,LAX,WN,8730,164497,46547
CA,LAX,XE,165,164497,46547
CA,LAX,YV,58,164497,46547
CA,LGB,AA,140,164497,2449
CA,LGB,AS,64,164497,2449
CA,LGB,B6,1642,164497,2449
CA,LGB,DL,14,164497,2449
CA,LGB,HA,2,164497,2449
CA,LGB,HP,69,164497,2449
CA,LGB,OO,242,164497,2449
CA,LGB,US,12,164497,2449
CA,LGB,WN,106,164497,2449
CA,LGB,XE,23,164497,2449
CA,LGB,YV,135,164497,2449
CA,MMH,OO,24,164497,24
CA,MOD,OO,187,164497,187
CA,MRY,G4,2,164497,1083
CA,MRY,MQ,192,164497,1083
CA,MRY,OO,783,164497,1083
CA,MRY,UA,4,164497,1083
CA,MRY,XE,15,164497,1083
CA,MRY,YV,87,164497,1083
CA,OAK,AA,230,164497,12273
CA,OAK,AS,902,164497,12273
CA,OAK,B6,555,164497,12273
CA,OAK,CO,94,164497,12273
CA,OAK,DL,212,164497,12273
CA,OAK,EV,24,164497,12273
CA,OAK,G4,16,164497,12273
CA,OAK,HA,74,164497,12273
CA,OAK,HP,184,164497,12273
CA,OAK,KH,37,164497,12273
CA,OAK,MQ,26,164497,12273
CA,OAK,NK,137,164497,12273
CA,OAK,OO,347,164497,12273
CA,OAK,TZ,7,164497,12273
CA,OAK,UA,490,164497,12273
CA,OAK,US,131,164497,12273
CA,OAK,WN,8749,164497,12273
CA,OAK,XE,6,164497,12273
CA,OAK,YV,52,164497,12273
CA,ONT,AA,457,164497,6223
CA,ONT,AS,362,164497,6223
CA,ONT,B6,34,164497,6223
CA,ONT,CO,141,164497,6223
CA,ONT,DL,238,164497,6223
CA,ONT,EV,22,164497,6223
CA,ONT,F9,24,164497,6223
CA,ONT,HA,2,164497,6223
CA,ONT,HP,181,164497,6223
CA,ONT,NW,69,164497,6223
CA,ONT,OO,632,164497,6223
CA,ONT,TW,21,164497,6223
CA,ONT,TZ,3,164497,6223
CA,ONT,UA,366,164497,6223
CA,ONT,US,195,164497,6223
CA,ONT,WN,3288,164497,6223
CA,ONT,XE,156,164497,6223
CA,ONT,YV,32,164497,6223
CA,OXR,OO,128,164497,128
CA,PMD,OO,9,164497,9
CA,PSP,AA,288,164497,2250
CA,PSP,AS,395,164497,2250
CA,PSP,B6,4,164497,2250
CA,PSP,CO,6,164497,2250
CA,PSP,DL,20,164497,2250
CA,PSP,EV,4,164497,2250
CA,PSP,F9,5,164497,2250
CA,PSP,G4,5,164497,2250
CA,PSP,HP,1,164497,2250
CA,PSP,MQ,95,164497,2250
CA,PSP,NW,21,164497,2250
CA,PSP,OO,1117,164497,2250
CA,PSP,UA,91,164497,2250
CA,PSP,VX,20,164497,2250
CA,PSP,XE,26,164497,2250
CA,PSP,YV,152,164497,2250
CA,RDD,OO,261,164497,261
CA,SAN,AA,1522,164497,17665
CA,SAN,AS,1020,164497,17665
CA,SAN,B6,226,164497,17665
CA,SAN,CO,426,164497,17665
CA,SAN,DH,3,164497,17665
CA,SAN,DL,1264,164497,17665
CA,SAN,EV,3,164497,17665
CA,SAN,F9,264,164497,17665
CA,SAN,FL,17,164497,17665
CA,SAN,G4,2,164497,17665
CA,SAN,HA,76,164497,17665
CA,SAN,HP,252,164497,17665
CA,SAN,KH,8,164497,17665
CA,SAN,MQ,1023,164497,17665
CA,SAN,NK,107,164497,17665
CA,SAN,NW,277,164497,17665
CA,SAN,OO,1389,164497,17665
CA,SAN,TW,38,164497,17665
CA,SAN,UA,1899,164497,17665
CA,SAN,US,600,164497,17665
CA,SAN,VX,117,164497,17665
CA,SAN,WN,7031,164497,17665
CA,SAN,XE,74,164497,17665
CA,SAN,YV,27,164497,17665
CA,SBA,AA,10,164497,1854
CA,SBA,AS,5,164497,1854
CA,SBA,F9,11,164497,1854
CA,SBA,MQ,350,164497,1854
CA,SBA,OH,2,164497,1854
CA,SBA,OO,1259,164497,1854
CA,SBA,UA,64,164497,1854
CA,SBA,XE,1,164497,1854
CA,SBA,YV,152,164497,1854
CA,SBP,MQ,159,164497,904
CA,SBP,OO,656,164497,904
CA,SBP,YV,89,164497,904
CA,SCK,G4,27,164497,28
CA,SCK,OO,1,164497,28
CA,SFO,AA,2757,164497,31220
CA,SFO,AS,1500,164497,31220
CA,SFO,B6,531,164497,31220
CA,SFO,CO,682,164497,31220
CA,SFO,DH,1,164497,31220
CA,SFO,DL,1842,164497,31220
CA,SFO,EV,10,164497,31220
CA,SFO,F9,280,164497,31220
CA,SFO,FL,91,164497,31220
CA,SFO,HA,83,164497,31220
CA,SFO,HP,352,164497,31220
CA,SFO,MQ,141,164497,31220
CA,SFO,NW,452,164497,31220
CA,SFO,OH,3,164497,31220
CA,SFO,OO,7150,164497,31220
CA,SFO,TW,63,164497,31220
CA,SFO,TZ,88,164497,31220
CA,SFO,UA,11041,164497,31220
CA,SFO,US,837,164497,31220
CA,SFO,VX,1182,164497,31220
CA,SFO,WN,2084,164497,31220
CA,SFO,XE,26,164497,31220
CA,SFO,YV,24,164497,31220
CA,SJC,AA,1477,164497,11629
CA,SJC,AS,945,164497,11629
CA,SJC,B6,154,164497,11629
CA,SJC,CO,178,164497,11629
CA,SJC,DH,1,164497,11629
CA,SJC,DL,436,164497,11629
CA,SJC,EV,8,164497,11629
CA,SJC,F9,76,164497,11629
CA,SJC,HA,76,164497,11629
CA,SJC,HP,215,164497,11629
CA,SJC,MQ,651,164497,11629
CA,SJC,NW,120,164497,11629
CA,SJC,OO,776,164497,11629
CA,SJC,TW,36,164497,11629
CA,SJC,TZ,13,164497,11629
CA,SJC,UA,693,164497,11629
CA,SJC,US,202,164497,11629
CA,SJC,VX,16,164497,11629
CA,SJC,WN,5535,164497,11629
CA,SJC,XE,15,164497,11629
CA,SJC,YV,6,164497,11629
CA,SMF,AA,495,164497,9847
CA,SMF,AS,421,164497,9847
CA,SMF,B6,174,164497,9847
CA,SMF,CO,118,164497,9847
CA,SMF,DL,411,164497,9847
CA,SMF,EV,11,164497,9847
CA,SMF,F9,87,164497,9847
CA,SMF,HA,51,164497,9847
CA,SMF,HP,246,164497,9847
CA,SMF,KH,14,164497,9847
CA,SMF,MQ,24,164497,9847
CA,SMF,NK,5,164497,9847
CA,SMF,NW,86,164497,9847
CA,SMF,OO,1184,164497,9847
CA,SMF,TW,27,164497,9847
CA,SMF,UA,732,164497,9847
CA,SMF,US,246,164497,9847
CA,SMF,WN,5439,164497,9847
CA,SMF,XE,66,164497,9847
CA,SMF,YV,10,164497,9847
CA,SMX,G4,3,164497,235
CA,SMX,OO,232,164497,235
CA,SNA,AA,1371,164497,9587
CA,SNA,AS,969,164497,9587
CA,SNA,CO,374,164497,9587
CA,SNA,DL,732,164497,9587
CA,SNA,EV,15,164497,9587
CA,SNA,F9,177,164497,9587
CA,SNA,FL,13,164497,9587
CA,SNA,HP,438,164497,9587
CA,SNA,KH,39,164497,9587
CA,SNA,MQ,333,164497,9587
CA,SNA,NW,127,164497,9587
CA,SNA,OO,464,164497,9587
CA,SNA,TW,25,164497,9587
CA,SNA,UA,1228,164497,9587
CA,SNA,US,305,164497,9587
CA,SNA,WN,2927,164497,9587
CA,SNA,YV,50,164497,9587
CA,STS,MQ,1,164497,54
CA,STS,OO,44,164497,54
CA,STS,YV,9,164497,54
CA,VIS,OO,23,164497,23
CO,ASE,MQ,17,49428,691
CO,ASE,OO,605,49428,691
CO,ASE,YV,69,49428,691
CO,COS,9E,1,49428,2514
CO,COS,AA,415,49428,2514
CO,COS,CO,36,49428,2514
CO,COS,DH,1,49428,2514
CO,COS,DL,177,49428,2514
CO,COS,EV,52,49428,2514
CO,COS,F9,75,49428,2514
CO,COS,G4,1,49428,2514
CO,COS,HP,40,49428,2514
CO,COS,MQ,12,49428,2514
CO,COS,NW,60,49428,2514
CO,COS,OH,22,49428,2514
CO,COS,OO,1151,49428,2514
CO,COS,TW,19,49428,2514
CO,COS,UA,163,49428,2514
CO,COS,XE,172,49428,2514
CO,COS,YV,111,49428,2514
CO,COS,YX,6,49428,2514
CO,DEN,9E,21,49428,43878
CO,DEN,AA,1636,49428,43878
CO,DEN,AS,333,49428,43878
CO,DEN,B6,194,49428,43878
CO,DEN,CO,606,49428,43878
CO,DEN,DL,1570,49428,43878
CO,DEN,EV,674,49428,43878
CO,DEN,F9,5236,49428,43878
CO,DEN,FL,152,49428,43878
CO,DEN,G4,2,49428,43878
CO,DEN,HP,239,49428,43878
CO,DEN,MQ,101,49428,43878
CO,DEN,NK,227,49428,43878
CO,DEN,NW,438,49428,43878
CO,DEN,OH,21,49428,43878
CO,DEN,OO,8353,49428,43878
CO,DEN,TW,58,49428,43878
CO,DEN,TZ,41,49428,43878
CO,DEN,UA,15072,49428,43878
CO,DEN,US,706,49428,43878
CO,DEN,VX,25,49428,43878
CO,DEN,WN,7242,49428,43878
CO,DEN,XE,210,49428,43878
CO,DEN,YV,616,49428,43878
CO,DEN,YX,105,49428,43878
CO,DRO,AA,3,49428,437
CO,DRO,EV,22,49428,437
CO,DRO,F9,7,49428,437
CO,DRO,MQ,26,49428,437
CO,DRO,OO,223,49428,437
CO,DRO,XE,15,49428,437
CO,DRO,YV,134,49428,437
CO,DRO,YX,7,49428,437
CO,EGE,AA,173,49428,413
CO,EGE,CO,25,49428,413
CO,EGE,DL,29,49428,413
CO,EGE,NW,13,49428,413
CO,EGE,OO,59,49428,413
CO,EGE,UA,67,49428,413
CO,EGE,YV,47,49428,413
CO,GJT,EV,37,49428,764
CO,GJT,G4,5,49428,764
CO,GJT,MQ,92,49428,764
CO,GJT,OO,481,49428,764
CO,GJT,XE,13,49428,764
CO,GJT,YV,131,49428,764
CO,GJT,YX,5,49428,764
CO,GUC,AA,26,49428,112
CO,GUC,CO,3,49428,112
CO,GUC,DL,4,49428,112
CO,GUC,EV,11,49428,112
CO,GUC,OO,20,49428,112
CO,GUC,UA,8,49428,112
CO,GUC,XE,1,49428,112
CO,GUC,YV,39,49428,112
CO,HDN,AA,43,49428,255
CO,HDN,CO,20,49428,255
CO,HDN,DL,24,49428,255
CO,HDN,EV,5,49428,255
CO,HDN,NW,13,49428,255
CO,HDN,OO,86,49428,255
CO,HDN,TW,5,49428,255
CO,HDN,UA,35,49428,255
CO,HDN,XE,6,49428,255
CO,HDN,YV,18,49428,255
CO,MTJ,AA,15,49428,325
CO,MTJ,CO,20,49428,325
CO,MTJ,DL,5,49428,325
CO,MTJ,EV,14,49428,325
CO,MTJ,MQ,22,49428,325
CO,MTJ,OO,168,49428,325
CO,MTJ,UA,8,49428,325
CO,MTJ,XE,17,49428,325
CO,MTJ,YV,56,49428,325
CO,PUB,OO,26,49428,26
CO,TEX,YV,13,49428,13
CT,BDL,9E,56,6134,6095
CT,BDL,AA,726,6134,6095
CT,BDL,B6,285,6134,6095
CT,BDL,CO,65,6134,6095
CT,BDL,DH,40,6134,6095
CT,BDL,DL,1166,6134,6095
CT,BDL,EV,104,6134,6095
CT,BDL,F9,13,6134,6095
CT,BDL,FL,4,6134,6095
CT,BDL,HP,21,6134,6095
CT,BDL,MQ,268,6134,6095
CT,BDL,NK,50,6134,6095
CT,BDL,NW,297,6134,6095
CT,BDL,OH,99,6134,6095
CT,BDL,OO,41,6134,6095
CT,BDL,TW,47,6134,6095
CT,BDL,UA,491,6134,6095
CT,BDL,US,785,6134,6095
CT,BDL,WN,1253,6134,6095
CT,BDL,XE,184,6134,6095
CT,BDL,YV,82,6134,6095
CT,BDL,YX,18,6134,6095
CT,HVN,OH,36,6134,39
CT,HVN,YX,3,6134,39
DE,ILG,EV,9,17,17
DE,ILG,F9,8,17,17
FL,APF,EV,21,95226,25
FL,APF,MQ,4,95226,25
FL,DAB,B6,12,95226,531
FL,DAB,CO,15,95226,531
FL,DAB,DL,340,95226,531
FL,DAB,EV,60,95226,531
FL,DAB,FL,11,95226,531
FL,DAB,OH,42,95226,531
FL,DAB,OO,3,95226,531
FL,DAB,XE,32,95226,531
FL,DAB,YV,16,95226,531
FL,ECP,9E,3,95226,536
FL,ECP,DL,157,95226,536
FL,ECP,EV,123,95226,536
FL,ECP,OH,6,95226,536
FL,ECP,OO,1,95226,536
FL,ECP,WN,239,95226,536
FL,ECP,YV,7,95226,536
FL,EYW,9E,8,95226,407
FL,EYW,DL,111,95226,407
FL,EYW,EV,101,95226,407
FL,EYW,FL,24,95226,407
FL,EYW,MQ,93,95226,407
FL,EYW,US,1,95226,407
FL,EYW,WN,12,95226,407
FL,EYW,YX,57,95226,407
FL,FLL,9E,7,95226,14702
FL,FLL,AA,1264,95226,14702
FL,FLL,AS,32,95226,14702
FL,FLL,B6,2658,95226,14702
FL,FLL,CO,661,95226,14702
FL,FLL,DL,2428,95226,14702
FL,FLL,EV,17,95226,14702
FL,FLL,F9,87,95226,14702
FL,FLL,FL,698,95226,14702
FL,FLL,G4,65,95226,14702
FL,FLL,HP,42,95226,14702
FL,FLL,MQ,14,95226,14702
FL,FLL,NK,769,95226,14702
FL,FLL,NW,236,95226,14702
FL,FLL,OH,31,95226,14702
FL,FLL,OO,3,95226,14702
FL,FLL,TW,53,95226,14702
FL,FLL,TZ,28,95226,14702
FL,FLL,UA,643,95226,14702
FL,FLL,US,1359,95226,14702
FL,FLL,VX,90,95226,14702
FL,FLL,WN,3517,95226,14702
FL,GNV,9E,25,95226,484
FL,GNV,DL,23,95226,484
FL,GNV,EV,335,95226,484
FL,GNV,MQ,42,95226,484
FL,GNV,OH,35,95226,484
FL,GNV,OO,24,95226,484
FL,JAX,9E,85,95226,5786
FL,JAX,AA,431,95226,5786
FL,JAX,B6,345,95226,5786
FL,JAX,CO,193,95226,5786
FL,JAX,DH,74,95226,5786
FL,JAX,DL,986,95226,5786
FL,JAX,EV,186,95226,5786
FL,JAX,F9,27,95226,5786
FL,JAX,FL,200,95226,5786
FL,JAX,G4,7,95226,5786
FL,JAX,MQ,195,95226,5786
FL,JAX,NK,15,95226,5786
FL,JAX,NW,154,95226,5786
FL,JAX,OH,269,95226,5786
FL,JAX,OO,22,95226,5786
FL,JAX,TW,37,95226,5786
FL,JAX,UA,86,95226,5786
FL,JAX,US,676,95226,5786
FL,JAX,WN,1345,95226,5786
FL,JAX,XE,235,95226,5786
FL,JAX,YV,138,95226,5786
FL,JAX,YX,80,95226,5786
FL,MCO,9E,8,95226,24989
FL,MCO,AA,2452,95226,24989
FL,MCO,AS,135,95226,24989
FL,MCO,B6,2539,95226,24989
FL,MCO,CO,872,95226,24989
FL,MCO,DH,31,95226,24989
FL,MCO,DL,3974,95226,24989
FL,MCO,EV,49,95226,24989
FL,MCO,F9,581,95226,24989
FL,MCO,FL,2041,95226,24989
FL,MCO,HP,84,95226,24989
FL,MCO,MQ,60,95226,24989
FL,MCO,NK,533,95226,24989
FL,MCO,NW,641,95226,24989
FL,MCO,OH,165,95226,24989
FL,MCO,TW,115,95226,24989
FL,MCO,TZ,68,95226,24989
FL,MCO,UA,1906,95226,24989
FL,MCO,US,1790,95226,24989
FL,MCO,VX,26,95226,24989
FL,MCO,WN,6906,95226,24989
FL,MCO,XE,13,95226,24989
FL,MIA,9E,1,95226,15461
FL,MIA,AA,9505,95226,15461
FL,MIA,AS,41,95226,15461
FL,MIA,CO,464,95226,15461
FL,MIA,DL,1445,95226,15461
FL,MIA,EV,23,95226,15461
FL,MIA,F9,89,95226,15461
FL,MIA,FL,147,95226,15461
FL,MIA,HP,69,95226,15461
FL,MIA,MQ,1604,95226,15461
FL,MIA,NW,256,95226,15461
FL,MIA,OH,38,95226,15461
FL,MIA,OO,6,95226,15461
FL,MIA,TW,85,95226,15461
FL,MIA,TZ,20,95226,15461
FL,MIA,UA,688,95226,15461
FL,MIA,US,698,95226,15461
FL,MIA,XE,25,95226,15461
FL,MIA,YV,26,95226,15461
FL,MIA,YX,231,95226,15461
FL,MLB,AA,4,95226,382
FL,MLB,CO,1,95226,382
FL,MLB,DL,251,95226,382
FL,MLB,EV,94,95226,382
FL,MLB,OH,32,95226,382
FL,MTH,EV,2,95226,2
FL,PBI,9E,2,95226,5447
FL,PBI,AA,465,95226,5447
FL,PBI,B6,968,95226,5447
FL,PBI,CO,383,95226,5447
FL,PBI,DH,6,95226,5447
FL,PBI,DL,1415,95226,5447
FL,PBI,EV,20,95226,5447
FL,PBI,F9,23,95226,5447
FL,PBI,FL,181,95226,5447
FL,PBI,MQ,5,95226,5447
FL,PBI,NK,18,95226,5447
FL,PBI,NW,74,95226,5447
FL,PBI,OH,50,95226,5447
FL,PBI,OO,5,95226,5447
FL,PBI,TW,30,95226,5447
FL,PBI,UA,272,95226,5447
FL,PBI,US,759,95226,5447
FL,PBI,WN,688,95226,5447
FL,PBI,XE,75,95226,5447
FL,PBI,YX,8,95226,5447
FL,PFN,9E,34,95226,224
FL,PFN,EV,181,95226,224
FL,PFN,OH,8,95226,224
FL,PFN,OO,1,95226,224
FL,PGD,F9,2,95226,105
FL,PGD,G4,103,95226,105
FL,PIE,G4,175,95226,250
FL,PIE,TZ,75,95226,250
FL,PNS,9E,46,95226,1851
FL,PNS,AA,28,95226,1851
FL,PNS,CO,42,95226,1851
FL,PNS,DL,573,95226,1851
FL,PNS,EV,260,95226,1851
FL,PNS,F9,5,95226,1851
FL,PNS,FL,143,95226,1851
FL,PNS,MQ,359,95226,1851
FL,PNS,OH,45,95226,1851
FL,PNS,OO,18,95226,1851
FL,PNS,UA,1,95226,1851
FL,PNS,US,87,95226,1851
FL,PNS,WN,62,95226,1851
FL,PNS,XE,108,95226,1851
FL,PNS,YV,66,95226,1851
FL,PNS,YX,8,95226,1851
FL,RSW,9E,22,95226,5430
FL,RSW,AA,448,95226,5430
FL,RSW,B6,664,95226,5430
FL,RSW,CO,345,95226,5430
FL,RSW,DH,7,95226,5430
FL,RSW,DL,1115,95226,5430
FL,RSW,EV,6,95226,5430
FL,RSW,F9,136,95226,5430
FL,RSW,FL,532,95226,5430
FL,RSW,HP,2,95226,5430
FL,RSW,MQ,28,95226,5430
FL,RSW,NK,162,95226,5430
FL,RSW,NW,248,95226,5430
FL,RSW,OH,45,95226,5430
FL,RSW,OO,6,95226,5430
FL,RSW,TW,33,95226,5430
FL,RSW,TZ,38,95226,5430
FL,RSW,UA,279,95226,5430
FL,RSW,US,567,95226,5430
FL,RSW,WN,718,95226,5430
FL,RSW,XE,18,95226,5430
FL,RSW,YV,3,95226,5430
FL,RSW,YX,8,95226,5430
FL,SFB,G4,202,95226,202
FL,SRQ,9E,4,95226,1137
FL,SRQ,AA,8,95226,1137
FL,SRQ,B6,105,95226,1137
FL,SRQ,CO,63,95226,1137
FL,SRQ,DL,463,95226,1137
FL,SRQ,EV,16,95226,1137
FL,SRQ,F9,3,95226,1137
FL,SRQ,FL,171,95226,1137
FL,SRQ,G4,10,95226,1137
FL,SRQ,MQ,10,95226,1137
FL,SRQ,NW,30,95226,1137
FL,SRQ,OH,74,95226,1137
FL,SRQ,OO,3,95226,1137
FL,SRQ,TW,6,95226,1137
FL,SRQ,TZ,12,95226,1137
FL,SRQ,UA,30,95226,1137
FL,SRQ,US,60,95226,1137
FL,SRQ,XE,21,95226,1137
FL,SRQ,YV,37,95226,1137
FL,SRQ,YX,11,95226,1137
FL,TLH,9E,70,95226,953
FL,TLH,DL,311,95226,953
FL,TLH,EV,273,95226,953
FL,TLH,FL,6,95226,953
FL,TLH,MQ,161,95226,953
FL,TLH,OH,69,95226,953
FL,TLH,OO,6,95226,953
FL,TLH,XE,40,95226,953
FL,TLH,YV,11,95226,953
FL,TLH,YX,6,95226,953
FL,TPA,9E,6,95226,15140
FL,TPA,AA,1645,95226,15140
FL,TPA,AS,24,95226,15140
FL,TPA,B6,750,95226,15140
FL,TPA,CO,629,95226,15140
FL,TPA,DH,29,95226,15140
FL,TPA,DL,2393,95226,15140
FL,TPA,EV,47,95226,15140
FL,TPA,F9,159,95226,15140
FL,TPA,FL,758,95226,15140
FL,TPA,HP,65,95226,15140
FL,TPA,MQ,17,95226,15140
FL,TPA,NK,239,95226,15140
FL,TPA,NW,453,95226,15140
FL,TPA,OH,35,95226,15140
FL,TPA,TW,67,95226,15140
FL,TPA,UA,1025,95226,15140
FL,TPA,US,1516,95226,15140
FL,TPA,WN,5262,95226,15140
FL,TPA,XE,21,95226,15140
FL,UST,F9,4,95226,4
FL,VPS,9E,11,95226,1178
FL,VPS,AA,22,95226,1178
FL,VPS,DL,229,95226,1178
FL,VPS,EV,428,95226,1178
FL,VPS,G4,48,95226,1178
FL,VPS,MQ,178,95226,1178
FL,VPS,NW,135,95226,1178
FL,VPS,OH,36,95226,1178
FL,VPS,OO,4,95226,1178
FL,VPS,XE,75,95226,1178
FL,VPS,YV,10,95226,1178
FL,VPS,YX,2,95226,1178
GA,ABY,9E,4,83986,183
GA,ABY,EV,162,83986,183
GA,ABY,OH,1,83986,183
GA,ABY,OO,16,83986,183
GA,AGS,9E,30,83986,532
GA,AGS,DL,72,83986,532
GA,AGS,EV,361,83986,532
GA,AGS,MQ,11,83986,532
GA,AGS,OH,32,83986,532
GA,AGS,OO,10,83986,532
GA,AGS,XE,14,83986,532
GA,AGS,YV,1,83986,532
GA,AGS,YX,1,83986,532
GA,ATL,9E,1119,83986,80348
GA,ATL,AA,1743,83986,80348
GA,ATL,AS,78,83986,80348
GA,ATL,B6,90,83986,80348
GA,ATL,CO,596,83986,80348
GA,ATL,DH,46,83986,80348
GA,ATL,DL,44650,83986,80348
GA,ATL,EV,15401,83986,80348
GA,ATL,F9,296,83986,80348
GA,ATL,FL,8454,83986,80348
GA,ATL,HP,145,83986,80348
GA,ATL,MQ,292,83986,80348
GA,ATL,NK,369,83986,80348
GA,ATL,NW,530,83986,80348
GA,ATL,OH,742,83986,80348
GA,ATL,OO,1083,83986,80348
GA,ATL,TW,69,83986,80348
GA,ATL,UA,739,83986,80348
GA,ATL,US,861,83986,80348
GA,ATL,WN,2471,83986,80348
GA,ATL,XE,232,83986,80348
GA,ATL,YV,231,83986,80348
GA,ATL,YX,111,83986,80348
GA,BQK,9E,11,83986,207
GA,BQK,EV,181,83986,207
GA,BQK,OO,15,83986,207
GA,CSG,9E,14,83986,262
GA,CSG,EV,219,83986,262
GA,CSG,MQ,28,83986,262
GA,CSG,OO,1,83986,262
GA,MCN,EV,65,83986,65
GA,SAV,9E,68,83986,2187
GA,SAV,AA,28,83986,2187
GA,SAV,B6,75,83986,2187
GA,SAV,CO,3,83986,2187
GA,SAV,DH,53,83986,2187
GA,SAV,DL,688,83986,2187
GA,SAV,EV,262,83986,2187
GA,SAV,F9,7,83986,2187
GA,SAV,FL,41,83986,2187
GA,SAV,G4,24,83986,2187
GA,SAV,MQ,156,83986,2187
GA,SAV,NW,4,83986,2187
GA,SAV,OH,211,83986,2187
GA,SAV,OO,43,83986,2187
GA,SAV,UA,14,83986,2187
GA,SAV,US,153,83986,2187
GA,SAV,XE,199,83986,2187
GA,SAV,YV,149,83986,2187
GA,SAV,YX,9,83986,2187
GA,VLD,9E,8,83986,202
GA,VLD,EV,176,83986,202
GA,VLD,OO,18,83986,202
HI,HNL,AA,555,18821,9546
HI,HNL,AS,292,18821,9546
HI,HNL,CO,184,18821,9546
HI,HNL,DL,548,18821,9546
HI,HNL,HA,5253,18821,9546
HI,HNL,KH,678,18821,9546
HI,HNL,NW,226,18821,9546
HI,HNL,TW,7,18821,9546
HI,HNL,TZ,65,18821,9546
HI,HNL,UA,913,18821,9546
HI,HNL,US,70,18821,9546
HI,HNL,VX,15,18821,9546
HI,HNL,WN,36,18821,9546
HI,HNL,YV,704,18821,9546
HI,ITO,CO,3,18821,1125
HI,ITO,HA,833,18821,1125
HI,ITO,KH,100,18821,1125
HI,ITO,TZ,2,18821,1125
HI,ITO,UA,20,18821,1125
HI,ITO,YV,167,18821,1125
HI,KOA,AA,87,18821,2165
HI,KOA,AS,146,18821,2165
HI,KOA,DL,51,18821,2165
HI,KOA,HA,1121,18821,2165
HI,KOA,KH,196,18821,2165
HI,KOA,NW,17,18821,2165
HI,KOA,TW,4,18821,2165
HI,KOA,TZ,2,18821,2165
HI,KOA,UA,324,18821,2165
HI,KOA,US,36,18821,2165
HI,KOA,VX,1,18821,2165
HI,KOA,WN,9,18821,2165
HI,KOA,YV,171,18821,2165
HI,LIH,AA,125,18821,2087
HI,LIH,AS,115,18821,2087
HI,LIH,DL,63,18821,2087
HI,LIH,HA,1206,18821,2087
HI,LIH,KH,197,18821,2087
HI,LIH,UA,188,18821,2087
HI,LIH,US,29,18821,2087
HI,LIH,WN,1,18821,2087
HI,LIH,YV,163,18821,2087
HI,LNY,HA,2,18821,2
HI,MKK,HA,5,18821,5
HI,OGG,AA,310,18821,3891
HI,OGG,AS,271,18821,3891
HI,OGG,CO,18,18821,3891
HI,OGG,DL,166,18821,3891
HI,OGG,HA,1991,18821,3891
HI,OGG,KH,284,18821,3891
HI,OGG,NW,30,18821,3891
HI,OGG,TW,7,18821,3891
HI,OGG,TZ,41,18821,3891
HI,OGG,UA,494,18821,3891
HI,OGG,US,40,18821,3891
HI,OGG,VX,25,18821,3891
HI,OGG,WN,14,18821,3891
HI,OGG,YV,200,18821,3891
IA,ALO,9E,14,4333,62
IA,ALO,MQ,40,4333,62
IA,ALO,OO,8,4333,62
IA,CID,9E,102,4333,1533
IA,CID,AA,3,4333,1533
IA,CID,DH,25,4333,1533
IA,CID,DL,16,4333,1533
IA,CID,EV,153,4333,1533
IA,CID,F9,16,4333,1533
IA,CID,G4,12,4333,1533
IA,CID,MQ,551,4333,1533
IA,CID,NW,36,4333,1533
IA,CID,OH,73,4333,1533
IA,CID,OO,311,4333,1533
IA,CID,TW,80,4333,1533
IA,CID,UA,94,4333,1533
IA,CID,XE,29,4333,1533
IA,CID,YV,32,4333,1533
IA,DBQ,MQ,190,4333,190
IA,DSM,9E,244,4333,2454
IA,DSM,AA,180,4333,2454
IA,DSM,DH,4,4333,2454
IA,DSM,DL,70,4333,2454
IA,DSM,EV,210,4333,2454
IA,DSM,F9,28,4333,2454
IA,DSM,FL,11,4333,2454
IA,DSM,G4,13,4333,2454
IA,DSM,HP,6,4333,2454
IA,DSM,MQ,603,4333,2454
IA,DSM,NW,45,4333,2454
IA,DSM,OH,115,4333,2454
IA,DSM,OO,272,4333,2454
IA,DSM,TW,75,4333,2454
IA,DSM,UA,314,4333,2454
IA,DSM,US,5,4333,2454
IA,DSM,WN,69,4333,2454
IA,DSM,XE,72,4333,2454
IA,DSM,YV,96,4333,2454
IA,DSM,YX,22,4333,2454
IA,SUX,9E,14,4333,94
IA,SUX,EV,1,4333,94
IA,SUX,MQ,62,4333,94
IA,SUX,NW,17,4333,94
ID,BOI,AA,42,4654,3109
ID,BOI,AS,45,4654,3109
ID,BOI,DL,217,4654,3109
ID,BOI,EV,3,4654,3109
ID,BOI,F9,12,4654,3109
ID,BOI,G4,9,4654,3109
ID,BOI,HP,37,4654,3109
ID,BOI,MQ,14,4654,3109
ID,BOI,NW,86,4654,3109
ID,BOI,OO,1057,4654,3109
ID,BOI,UA,316,4654,3109
ID,BOI,US,81,4654,3109
ID,BOI,WN,1133,4654,3109
ID,BOI,XE,37,4654,3109
ID,BOI,YV,18,4654,3109
ID,BOI,YX,2,4654,3109
ID,IDA,9E,5,4654,505
ID,IDA,F9,2,4654,505
ID,IDA,G4,2,4654,505
ID,IDA,OO,493,4654,505
ID,IDA,XE,3,4654,505
ID,LWS,OO,111,4654,111
ID,PIH,OO,268,4654,268
ID,SUN,OO,392,4654,392
ID,TWF,OO,269,4654,269
IL,BLV,G4,22,90504,22
IL,BMI,9E,51,90504,633
IL,BMI,DH,4,90504,633
IL,BMI,DL,4,90504,633
IL,BMI,EV,148,90504,633
IL,BMI,F9,10,90504,633
IL,BMI,FL,128,90504,633
IL,BMI,G4,9,90504,633
IL,BMI,MQ,215,90504,633
IL,BMI,OO,23,90504,633
IL,BMI,YV,41,90504,633
IL,CMI,DH,6,90504,431
IL,CMI,EV,2,90504,431
IL,CMI,MQ,406,90504,431
IL,CMI,OH,17,90504,431
IL,MDW,9E,63,90504,17520
IL,MDW,AA,133,90504,17520
IL,MDW,CO,97,90504,17520
IL,MDW,DH,7,90504,17520
IL,MDW,DL,360,90504,17520
IL,MDW,EV,77,90504,17520
IL,MDW,F9,137,90504,17520
IL,MDW,FL,594,90504,17520
IL,MDW,HP,10,90504,17520
IL,MDW,MQ,16,90504,17520
IL,MDW,NW,414,90504,17520
IL,MDW,OH,27,90504,17520
IL,MDW,OO,74,90504,17520
IL,MDW,TZ,742,90504,17520
IL,MDW,UA,20,90504,17520
IL,MDW,US,68,90504,17520
IL,MDW,WN,14595,90504,17520
IL,MDW,XE,72,90504,17520
IL,MDW,YV,14,90504,17520
IL,MLI,9E,105,90504,1045
IL,MLI,AA,18,90504,1045
IL,MLI,DH,18,90504,1045
IL,MLI,DL,3,90504,1045
IL,MLI,EV,213,90504,1045
IL,MLI,FL,103,90504,1045
IL,MLI,G4,9,90504,1045
IL,MLI,MQ,251,90504,1045
IL,MLI,OH,25,90504,1045
IL,MLI,OO,195,90504,1045
IL,MLI,TW,55,90504,1045
IL,MLI,XE,16,90504,1045
IL,MLI,YV,34,90504,1045
IL,ORD,9E,73,90504,69702
IL,ORD,AA,16208,90504,69702
IL,ORD,AS,281,90504,69702
IL,ORD,B6,311,90504,69702
IL,ORD,CO,738,90504,69702
IL,ORD,DH,782,90504,69702
IL,ORD,DL,1460,90504,69702
IL,ORD,EV,3227,90504,69702
IL,ORD,F9,182,90504,69702
IL,ORD,HP,189,90504,69702
IL,ORD,MQ,13480,90504,69702
IL,ORD,NK,538,90504,69702
IL,ORD,NW,868,90504,69702
IL,ORD,OH,221,90504,69702
IL,ORD,OO,7172,90504,69702
IL,ORD,TW,108,90504,69702
IL,ORD,UA,19662,90504,69702
IL,ORD,US,1270,90504,69702
IL,ORD,VX,100,90504,69702
IL,ORD,XE,929,90504,69702
IL,ORD,YV,1555,90504,69702
IL,ORD,YX,348,90504,69702
IL,PIA,9E,52,90504,822
IL,PIA,DH,14,90504,822
IL,PIA,EV,180,90504,822
IL,PIA,G4,12,90504,822
IL,PIA,MQ,311,90504,822
IL,PIA,OH,9,90504,822
IL,PIA,OO,198,90504,822
IL,PIA,TW,4,90504,822
IL,PIA,XE,23,90504,822
IL,PIA,YV,19,90504,822
IL,RFD,F9,2,90504,31
IL,RFD,G4,13,90504,31
IL,RFD,OO,16,90504,31
IL,SPI,EV,12,90504,277
IL,SPI,G4,1,90504,277
IL,SPI,MQ,70,90504,277
IL,SPI,OO,174,90504,277
IL,SPI,YV,20,90504,277
IL,UIN,OO,21,90504,21
IN,EVV,9E,118,10553,810
IN,EVV,DH,32,10553,810
IN,EVV,DL,15,10553,810
IN,EVV,EV,221,10553,810
IN,EVV,G4,4,10553,810
IN,EVV,MQ,326,10553,810
IN,EVV,OH,62,10553,810
IN,EVV,OO,20,10553,810
IN,EVV,YV,12,10553,810
IN,FWA,9E,91,10553,1080
IN,FWA,DH,53,10553,1080
IN,FWA,EV,109,10553,1080
IN,FWA,G4,10,10553,1080
IN,FWA,MQ,334,10553,1080
IN,FWA,NW,14,10553,1080
IN,FWA,OH,68,10553,1080
IN,FWA,OO,373,10553,1080
IN,FWA,YV,28,10553,1080
IN,IND,9E,364,10553,7846
IN,IND,AA,571,10553,7846
IN,IND,AS,11,10553,7846
IN,IND,CO,155,10553,7846
IN,IND,DH,63,10553,7846
IN,IND,DL,847,10553,7846
IN,IND,EV,291,10553,7846
IN,IND,F9,146,10553,7846
IN,IND,FL,465,10553,7846
IN,IND,G4,41,10553,7846
IN,IND,HP,53,10553,7846
IN,IND,MQ,369,10553,7846
IN,IND,NK,5,10553,7846
IN,IND,NW,752,10553,7846
IN,IND,OH,113,10553,7846
IN,IND,OO,168,10553,7846
IN,IND,TW,54,10553,7846
IN,IND,TZ,150,10553,7846
IN,IND,UA,332,10553,7846
IN,IND,US,554,10553,7846
IN,IND,VX,4,10553,7846
IN,IND,WN,1678,10553,7846
IN,IND,XE,372,10553,7846
IN,IND,YV,67,10553,7846
IN,IND,YX,221,10553,7846
IN,SBN,9E,85,10553,817
IN,SBN,DH,39,10553,817
IN,SBN,DL,10,10553,817
IN,SBN,EV,176,10553,817
IN,SBN,F9,3,10553,817
IN,SBN,G4,11,10553,817
IN,SBN,MQ,1,10553,817
IN,SBN,NW,15,10553,817
IN,SBN,OH,47,10553,817
IN,SBN,OO,324,10553,817
IN,SBN,US,39,10553,817
IN,SBN,XE,6,10553,817
IN,SBN,YV,61,10553,817
KS,FOE,EV,3,2499,3
KS,GCK,EV,12,2499,62
KS,GCK,MQ,50,2499,62
KS,HYS,OO,60,2499,60
KS,ICT,9E,80,2499,2209
KS,ICT,AA,264,2499,2209
KS,ICT,DH,28,2499,2209
KS,ICT,DL,59,2499,2209
KS,ICT,EV,356,2499,2209
KS,ICT,F9,6,2499,2209
KS,ICT,FL,109,2499,2209
KS,ICT,G4,5,2499,2209
KS,ICT,HP,27,2499,2209
KS,ICT,MQ,293,2499,2209
KS,ICT,NW,6,2499,2209
KS,ICT,OH,17,2499,2209
KS,ICT,OO,379,2499,2209
KS,ICT,TW,63,2499,2209
KS,ICT,UA,191,2499,2209
KS,ICT,WN,105,2499,2209
KS,ICT,XE,165,2499,2209
KS,ICT,YV,48,2499,2209
KS,ICT,YX,8,2499,2209
KS,LBL,OO,11,2499,11
KS,MHK,EV,9,2499,140
KS,MHK,MQ,122,2499,140
KS,MHK,OO,9,2499,140
KS,SLN,OO,14,2499,14
KY,CVG,9E,522,21220,15449
KY,CVG,AA,74,21220,15449
KY,CVG,CO,4,21220,15449
KY,CVG,DH,577,21220,15449
KY,CVG,DL,5943,21220,15449
KY,CVG,EV,848,21220,15449
KY,CVG,F9,167,21220,15449
KY,CVG,G4,59,21220,15449
KY,CVG,MQ,810,21220,15449
KY,CVG,NW,30,21220,15449
KY,CVG,OH,5303,21220,15449
KY,CVG,OO,412,21220,15449
KY,CVG,TW,27,21220,15449
KY,CVG,UA,184,21220,15449
KY,CVG,WN,79,21220,15449
KY,CVG,XE,293,21220,15449
KY,CVG,YV,56,21220,15449
KY,CVG,YX,61,21220,15449
KY,LEX,9E,112,21220,1527
KY,LEX,DH,24,21220,1527
KY,LEX,DL,217,21220,1527
KY,LEX,EV,433,21220,1527
KY,LEX,FL,8,21220,1527
KY,LEX,G4,19,21220,1527
KY,LEX,MQ,219,21220,1527
KY,LEX,NW,3,21220,1527
KY,LEX,OH,177,21220,1527
KY,LEX,OO,150,21220,1527
KY,LEX,US,27,21220,1527
KY,LEX,XE,121,21220,1527
KY,LEX,YV,4,21220,1527
KY,LEX,YX,13,21220,1527
KY,OWB,G4,2,21220,2
KY,PAH,OO,84,21220,84
KY,SDF,9E,108,21220,4158
KY,SDF,AA,193,21220,4158
KY,SDF,CO,29,21220,4158
KY,SDF,DH,26,21220,4158
KY,SDF,DL,584,21220,4158
KY,SDF,EV,312,21220,4158
KY,SDF,F9,25,21220,4158
KY,SDF,FL,1,21220,4158
KY,SDF,G4,11,21220,4158
KY,SDF,MQ,338,21220,4158
KY,SDF,NW,176,21220,4158
KY,SDF,OH,198,21220,4158
KY,SDF,OO,160,21220,4158
KY,SDF,TW,51,21220,4158
KY,SDF,UA,10,21220,4158
KY,SDF,US,126,21220,4158
KY,SDF,WN,1332,21220,4158
KY,SDF,XE,275,21220,4158
KY,SDF,YV,87,21220,4158
KY,SDF,YX,116,21220,4158
LA,AEX,9E,31,14699,578
LA,AEX,EV,307,14699,578
LA,AEX,MQ,120,14699,578
LA,AEX,OO,12,14699,578
LA,AEX,XE,108,14699,578
LA,BTR,9E,57,14699,1672
LA,BTR,AA,1,14699,1672
LA,BTR,CO,24,14699,1672
LA,BTR,DL,168,14699,1672
LA,BTR,EV,695,14699,1672
LA,BTR,MQ,417,14699,1672
LA,BTR,NW,47,14699,1672
LA,BTR,OH,20,14699,1672
LA,BTR,OO,33,14699,1672
LA,BTR,XE,200,14699,1672
LA,BTR,YV,9,14699,1672
LA,BTR,YX,1,14699,1672
LA,LCH,EV,102,14699,267
LA,LCH,MQ,74,14699,267
LA,LCH,XE,91,14699,267
LA,LFT,9E,21,14699,870
LA,LFT,CO,3,14699,870
LA,LFT,DL,17,14699,870
LA,LFT,EV,356,14699,870
LA,LFT,F9,2,14699,870
LA,LFT,MQ,184,14699,870
LA,LFT,OO,22,14699,870
LA,LFT,XE,242,14699,870
LA,LFT,YV,13,14699,870
LA,LFT,YX,10,14699,870
LA,MLU,9E,3,14699,555
LA,MLU,DL,59,14699,555
LA,MLU,EV,312,14699,555
LA,MLU,MQ,80,14699,555
LA,MLU,OO,61,14699,555
LA,MLU,XE,39,14699,555
LA,MLU,YV,1,14699,555
LA,MSY,9E,28,14699,9391
LA,MSY,AA,1083,14699,9391
LA,MSY,AS,29,14699,9391
LA,MSY,B6,231,14699,9391
LA,MSY,CO,629,14699,9391
LA,MSY,DH,4,14699,9391
LA,MSY,DL,1200,14699,9391
LA,MSY,EV,113,14699,9391
LA,MSY,F9,67,14699,9391
LA,MSY,FL,189,14699,9391
LA,MSY,G4,17,14699,9391
LA,MSY,HP,29,14699,9391
LA,MSY,MQ,31,14699,9391
LA,MSY,NK,203,14699,9391
LA,MSY,NW,295,14699,9391
LA,MSY,OH,29,14699,9391
LA,MSY,OO,55,14699,9391
LA,MSY,TW,57,14699,9391
LA,MSY,UA,850,14699,9391
LA,MSY,US,520,14699,9391
LA,MSY,VX,3,14699,9391
LA,MSY,WN,3534,14699,9391
LA,MSY,XE,121,14699,9391
LA,MSY,YV,22,14699,9391
LA,MSY,YX,52,14699,9391
LA,SHV,9E,45,14699,1366
LA,SHV,DL,104,14699,1366
LA,SHV,EV,555,14699,1366
LA,SHV,G4,4,14699,1366
LA,SHV,MQ,442,14699,1366
LA,SHV,OH,28,14699,1366
LA,SHV,OO,51,14699,1366
LA,SHV,TW,12,14699,1366
LA,SHV,XE,111,14699,1366
LA,SHV,YV,14,14699,1366
MA,ACK,9E,3,26561,73
MA,ACK,B6,53,26561,73
MA,ACK,OH,2,26561,73
MA,ACK,XE,14,26561,73
MA,ACK,YX,1,26561,73
MA,BOS,9E,222,26561,26393
MA,BOS,AA,3703,26561,26393
MA,BOS,AS,237,26561,26393
MA,BOS,B6,5032,26561,26393
MA,BOS,CO,888,26561,26393
MA,BOS,DH,222,26561,26393
MA,BOS,DL,3652,26561,26393
MA,BOS,EV,192,26561,26393
MA,BOS,F9,16,26561,26393
MA,BOS,FL,799,26561,26393
MA,BOS,HA,2,26561,26393
MA,BOS,HP,177,26561,26393
MA,BOS,MQ,1818,26561,26393
MA,BOS,NK,222,26561,26393
MA,BOS,NW,616,26561,26393
MA,BOS,OH,779,26561,26393
MA,BOS,OO,47,26561,26393
MA,BOS,TW,75,26561,26393
MA,BOS,TZ,49,26561,26393
MA,BOS,UA,2603,26561,26393
MA,BOS,US,3626,26561,26393
MA,BOS,VX,129,26561,26393
MA,BOS,WN,1000,26561,26393
MA,BOS,XE,52,26561,26393
MA,BOS,YV,58,26561,26393
MA,BOS,YX,177,26561,26393
MA,HYA,B6,3,26561,3
MA,MVY,9E,1,26561,16
MA,MVY,B6,11,26561,16
MA,MVY,YX,4,26561,16
MA,ORH,B6,61,26561,76
MA,ORH,MQ,13,26561,76
MA,ORH,OO,2,26561,76
MD,BWI,9E,94,21396,21393
MD,BWI,AA,1002,21396,21393
MD,BWI,AS,54,21396,21393
MD,BWI,B6,201,21396,21393
MD,BWI,CO,343,21396,21393
MD,BWI,DL,1236,21396,21393
MD,BWI,EV,84,21396,21393
MD,BWI,F9,12,21396,21393
MD,BWI,FL,1569,21396,21393
MD,BWI,G4,10,21396,21393
MD,BWI,HP,121,21396,21393
MD,BWI,MQ,349,21396,21393
MD,BWI,NK,320,21396,21393
MD,BWI,NW,463,21396,21393
MD,BWI,OH,192,21396,21393
MD,BWI,OO,22,21396,21393
MD,BWI,TW,75,21396,21393
MD,BWI,UA,933,21396,21393
MD,BWI,US,1542,21396,21393
MD,BWI,VX,1,21396,21393
MD,BWI,WN,12549,21396,21393
MD,BWI,XE,196,21396,21393
MD,BWI,YV,15,21396,21393
MD,BWI,YX,10,21396,21393
MD,HGR,G4,3,21396,3
ME,BGR,9E,61,2139,509
ME,BGR,DH,25,2139,509
ME,BGR,DL,4,2139,509
ME,BGR,EV,63,2139,509
ME,BGR,G4,4,2139,509
ME,BGR,MQ,197,2139,509
ME,BGR,OH,116,2139,509
ME,BGR,OO,6,2139,509
ME,BGR,XE,22,2139,509
ME,BGR,YX,11,2139,509
ME,PWM,9E,88,2139,1630
ME,PWM,AA,25,2139,1630
ME,PWM,B6,213,2139,1630
ME,PWM,DH,61,2139,1630
ME,PWM,DL,214,2139,1630
ME,PWM,EV,169,2139,1630
ME,PWM,F9,6,2139,1630
ME,PWM,FL,73,2139,1630
ME,PWM,MQ,126,2139,1630
ME,PWM,NW,46,2139,1630
ME,PWM,OH,112,2139,1630
ME,PWM,OO,9,2139,1630
ME,PWM,TW,2,2139,1630
ME,PWM,UA,49,2139,1630
ME,PWM,US,147,2139,1630
ME,PWM,WN,72,2139,1630
ME,PWM,XE,106,2139,1630
ME,PWM,YV,72,2139,1630
ME,PWM,YX,40,2139,1630
MI,APN,OO,40,37385,40
MI,AZO,9E,68,37385,592
MI,AZO,DH,30,37385,592
MI,AZO,EV,36,37385,592
MI,AZO,MQ,232,37385,592
MI,AZO,NW,74,37385,592
MI,AZO,OH,44,37385,592
MI,AZO,OO,108,37385,592
MI,CIU,9E,8,37385,44
MI,CIU,OO,36,37385,44
MI,CMX,9E,15,37385,94
MI,CMX,OO,79,37385,94
MI,DTW,9E,3351,37385,30455
MI,DTW,AA,1005,37385,30455
MI,DTW,AS,16,37385,30455
MI,DTW,B6,87,37385,30455
MI,DTW,CO,348,37385,30455
MI,DTW,DH,59,37385,30455
MI,DTW,DL,5917,37385,30455
MI,DTW,EV,1507,37385,30455
MI,DTW,F9,134,37385,30455
MI,DTW,FL,219,37385,30455
MI,DTW,HP,162,37385,30455
MI,DTW,MQ,472,37385,30455
MI,DTW,NK,492,37385,30455
MI,DTW,NW,11641,37385,30455
MI,DTW,OH,414,37385,30455
MI,DTW,OO,1793,37385,30455
MI,DTW,TW,67,37385,30455
MI,DTW,UA,417,37385,30455
MI,DTW,US,511,37385,30455
MI,DTW,WN,1289,37385,30455
MI,DTW,XE,215,37385,30455
MI,DTW,YV,167,37385,30455
MI,DTW,YX,172,37385,30455
MI,ESC,9E,5,37385,47
MI,ESC,OO,42,37385,47
MI,FNT,9E,102,37385,1021
MI,FNT,DH,2,37385,1021
MI,FNT,DL,70,37385,1021
MI,FNT,EV,158,37385,1021
MI,FNT,FL,230,37385,1021
MI,FNT,G4,20,37385,1021
MI,FNT,MQ,81,37385,1021
MI,FNT,NW,168,37385,1021
MI,FNT,OH,37,37385,1021
MI,FNT,OO,74,37385,1021
MI,FNT,WN,79,37385,1021
MI,GRR,9E,112,37385,2793
MI,GRR,AA,11,37385,2793
MI,GRR,DH,12,37385,2793
MI,GRR,DL,336,37385,2793
MI,GRR,EV,288,37385,2793
MI,GRR,F9,27,37385,2793
MI,GRR,FL,51,37385,2793
MI,GRR,G4,20,37385,2793
MI,GRR,MQ,495,37385,2793
MI,GRR,NW,474,37385,2793
MI,GRR,OH,146,37385,2793
MI,GRR,OO,190,37385,2793
MI,GRR,UA,187,37385,2793
MI,GRR,US,25,37385,2793
MI,GRR,WN,133,37385,2793
MI,GRR,XE,221,37385,2793
MI,GRR,YV,26,37385,2793
MI,GRR,YX,39,37385,2793
MI,IMT,OO,50,37385,50
MI,LAN,9E,77,37385,662
MI,LAN,DH,45,37385,662
MI,LAN,EV,74,37385,662
MI,LAN,MQ,11,37385,662
MI,LAN,NW,243,37385,662
MI,LAN,OH,40,37385,662
MI,LAN,OO,132,37385,662
MI,LAN,XE,6,37385,662
MI,LAN,YV,33,37385,662
MI,LAN,YX,1,37385,662
MI,MBS,9E,109,37385,605
MI,MBS,DH,24,37385,605
MI,MBS,DL,2,37385,605
MI,MBS,EV,3,37385,605
MI,MBS,NW,201,37385,605
MI,MBS,OH,2,37385,605
MI,MBS,OO,197,37385,605
MI,MBS,UA,43,37385,605
MI,MBS,YV,24,37385,605
MI,MKG,OO,79,37385,79
MI,MQT,9E,10,37385,152
MI,MQT,MQ,108,37385,152
MI,MQT,OO,34,37385,152
MI,PLN,9E,28,37385,86
MI,PLN,OO,58,37385,86
MI,TVC,9E,77,37385,665
MI,TVC,DH,5,37385,665
MI,TVC,DL,28,37385,665
MI,TVC,EV,58,37385,665
MI,TVC,MQ,198,37385,665
MI,TVC,NW,119,37385,665
MI,TVC,OH,4,37385,665
MI,TVC,OO,141,37385,665
MI,TVC,XE,10,37385,665
MI,TVC,YV,21,37385,665
MI,TVC,YX,4,37385,665
MN,BJI,9E,1,30619,55
MN,BJI,OO,54,30619,55
MN,BRD,OO,59,30619,59
MN,DLH,9E,63,30619,450
MN,DLH,DL,10,30619,450
MN,DLH,MQ,47,30619,450
MN,DLH,NW,130,30619,450
MN,DLH,OH,2,30619,450
MN,DLH,OO,191,30619,450
MN,DLH,UA,7,30619,450
MN,HIB,OO,55,30619,55
MN,INL,9E,4,30619,41
MN,INL,OO,37,30619,41
MN,MSP,9E,1521,30619,29416
MN,MSP,AA,1277,30619,29416
MN,MSP,AS,81,30619,29416
MN,MSP,B6,14,30619,29416
MN,MSP,CO,260,30619,29416
MN,MSP,DL,6735,30619,29416
MN,MSP,EV,472,30619,29416
MN,MSP,F9,216,30619,29416
MN,MSP,FL,290,30619,29416
MN,MSP,HP,134,30619,29416
MN,MSP,MQ,137,30619,29416
MN,MSP,NK,232,30619,29416
MN,MSP,NW,11741,30619,29416
MN,MSP,OH,174,30619,29416
MN,MSP,OO,3102,30619,29416
MN,MSP,TW,103,30619,29416
MN,MSP,TZ,70,30619,29416
MN,MSP,UA,1070,30619,29416
MN,MSP,US,515,30619,29416
MN,MSP,WN,806,30619,29416
MN,MSP,XE,298,30619,29416
MN,MSP,YV,44,30619,29416
MN,MSP,YX,124,30619,29416
MN,RST,9E,63,30619,533
MN,RST,AA,75,30619,533
MN,RST,EV,33,30619,533
MN,RST,MQ,216,30619,533
MN,RST,NW,65,30619,533
MN,RST,OO,81,30619,533
MN,STC,G4,2,30619,10
MN,STC,OO,8,30619,10
MO,BKG,F9,14,30382,74
MO,BKG,FL,36,30382,74
MO,BKG,WN,20,30382,74
MO,BKG,XE,4,30382,74
MO,CGI,OO,12,30382,12
MO,COU,9E,10,30382,93
MO,COU,EV,10,30382,93
MO,COU,MQ,43,30382,93
MO,COU,OO,27,30382,93
MO,COU,YV,3,30382,93
MO,JLN,EV,12,30382,64
MO,JLN,MQ,46,30382,64
MO,JLN,OO,4,30382,64
MO,JLN,YV,2,30382,64
MO,MCI,9E,119,30382,11635
MO,MCI,AA,1152,30382,11635
MO,MCI,AS,45,30382,11635
MO,MCI,CO,162,30382,11635
MO,MCI,DL,1108,30382,11635
MO,MCI,EV,330,30382,11635
MO,MCI,F9,177,30382,11635
MO,MCI,FL,143,30382,11635
MO,MCI,G4,9,30382,11635
MO,MCI,HP,86,30382,11635
MO,MCI,MQ,140,30382,11635
MO,MCI,NK,77,30382,11635
MO,MCI,NW,531,30382,11635
MO,MCI,OH,115,30382,11635
MO,MCI,OO,399,30382,11635
MO,MCI,TW,105,30382,11635
MO,MCI,UA,605,30382,11635
MO,MCI,US,501,30382,11635
MO,MCI,WN,5131,30382,11635
MO,MCI,XE,501,30382,11635
MO,MCI,YV,111,30382,11635
MO,MCI,YX,88,30382,11635
MO,SGF,9E,94,30382,1336
MO,SGF,AA,11,30382,1336
MO,SGF,DH,8,30382,1336
MO,SGF,DL,9,30382,1336
MO,SGF,EV,221,30382,1336
MO,SGF,G4,15,30382,1336
MO,SGF,MQ,665,30382,1336
MO,SGF,NW,10,30382,1336
MO,SGF,OH,35,30382,1336
MO,SGF,OO,187,30382,1336
MO,SGF,TW,58,30382,1336
MO,SGF,XE,23,30382,1336
MO,STL,9E,118,30382,17168
MO,STL,AA,3660,30382,17168
MO,STL,AS,43,30382,17168
MO,STL,CO,55,30382,17168
MO,STL,DH,16,30382,17168
MO,STL,DL,759,30382,17168
MO,STL,EV,322,30382,17168
MO,STL,F9,152,30382,17168
MO,STL,FL,100,30382,17168
MO,STL,HP,60,30382,17168
MO,STL,MQ,204,30382,17168
MO,STL,NW,419,30382,17168
MO,STL,OH,169,30382,17168
MO,STL,OO,239,30382,17168
MO,STL,TW,3612,30382,17168
MO,STL,UA,255,30382,17168
MO,STL,US,305,30382,17168
MO,STL,WN,6193,30382,17168
MO,STL,XE,360,30382,17168
MO,STL,YV,61,30382,17168
MO,STL,YX,66,30382,17168
MS,GPT,9E,49,3360,971
MS,GPT,CO,16,3360,971
MS,GPT,DL,93,3360,971
MS,GPT,EV,339,3360,971
MS,GPT,FL,110,3360,971
MS,GPT,G4,3,3360,971
MS,GPT,MQ,98,3360,971
MS,GPT,NW,78,3360,971
MS,GPT,OH,14,3360,971
MS,GPT,XE,152,3360,971
MS,GPT,YV,19,3360,971
MS,GTR,9E,9,3360,183
MS,GTR,EV,152,3360,183
MS,GTR,OO,22,3360,183
MS,JAN,9E,51,3360,2002
MS,JAN,DL,410,3360,2002
MS,JAN,EV,413,3360,2002
MS,JAN,F9,3,3360,2002
MS,JAN,MQ,347,3360,2002
MS,JAN,NW,28,3360,2002
MS,JAN,OH,79,3360,2002
MS,JAN,OO,9,3360,2002
MS,JAN,WN,486,3360,2002
MS,JAN,XE,136,3360,2002
MS,JAN,YV,40,3360,2002
MS,MEI,EV,118,3360,148
MS,MEI,OO,30,3360,148
MS,PIB,EV,14,3360,39
MS,PIB,OO,25,3360,39
MS,TUP,EV,14,3360,14
MS,UTM,FL,3,3360,3
MT,BIL,DL,130,3982,828
MT,BIL,EV,11,3982,828
MT,BIL,F9,1,3982,828
MT,BIL,G4,8,3982,828
MT,BIL,MQ,9,3982,828
MT,BIL,NW,102,3982,828
MT,BIL,OH,2,3982,828
MT,BIL,OO,387,3982,828
MT,BIL,UA,177,3982,828
MT,BIL,XE,1,3982,828
MT,BTM,OO,136,3982,136
MT,BZN,AA,10,3982,889
MT,BZN,B6,1,3982,889
MT,BZN,DL,145,3982,889
MT,BZN,EV,9,3982,889
MT,BZN,F9,16,3982,889
MT,BZN,G4,6,3982,889
MT,BZN,MQ,6,3982,889
MT,BZN,NW,101,3982,889
MT,BZN,OO,500,3982,889
MT,BZN,UA,90,3982,889
MT,BZN,YV,4,3982,889
MT,BZN,YX,1,3982,889
MT,FCA,9E,1,3982,522
MT,FCA,DL,89,3982,522
MT,FCA,EV,2,3982,522
MT,FCA,G4,4,3982,522
MT,FCA,MQ,4,3982,522
MT,FCA,NW,75,3982,522
MT,FCA,OO,336,3982,522
MT,FCA,UA,6,3982,522
MT,FCA,US,1,3982,522
MT,FCA,XE,3,3982,522
MT,FCA,YX,1,3982,522
MT,GTF,9E,3,3982,514
MT,GTF,DL,62,3982,514
MT,GTF,G4,4,3982,514
MT,GTF,NW,114,3982,514
MT,GTF,OO,331,3982,514
MT,HLN,9E,10,3982,346
MT,HLN,DL,47,3982,346
MT,HLN,NW,5,3982,346
MT,HLN,OH,19,3982,346
MT,HLN,OO,265,3982,346
MT,MSO,DL,121,3982,702
MT,MSO,EV,1,3982,702
MT,MSO,F9,8,3982,702
MT,MSO,G4,3,3982,702
MT,MSO,MQ,11,3982,702
MT,MSO,NW,82,3982,702
MT,MSO,OO,458,3982,702
MT,MSO,UA,18,3982,702
MT,WYS,OO,45,3982,45
NC,AVL,9E,62,44453,892
NC,AVL,DH,9,44453,892
NC,AVL,DL,46,44453,892
NC,AVL,EV,368,44453,892
NC,AVL,FL,11,44453,892
NC,AVL,G4,34,44453,892
NC,AVL,MQ,1,44453,892
NC,AVL,NK,9,44453,892
NC,AVL,OH,56,44453,892
NC,AVL,OO,117,44453,892
NC,AVL,UA,6,44453,892
NC,AVL,US,60,44453,892
NC,AVL,XE,103,44453,892
NC,AVL,YV,10,44453,892
NC,CLT,9E,110,44453,28800
NC,CLT,AA,4984,44453,28800
NC,CLT,B6,223,44453,28800
NC,CLT,CO,90,44453,28800
NC,CLT,DH,100,44453,28800
NC,CLT,DL,911,44453,28800
NC,CLT,EV,336,44453,28800
NC,CLT,F9,49,44453,28800
NC,CLT,FL,200,44453,28800
NC,CLT,MQ,621,44453,28800
NC,CLT,NK,12,44453,28800
NC,CLT,NW,261,44453,28800
NC,CLT,OH,2188,44453,28800
NC,CLT,OO,129,44453,28800
NC,CLT,TW,49,44453,28800
NC,CLT,TZ,29,44453,28800
NC,CLT,UA,299,44453,28800
NC,CLT,US,15353,44453,28800
NC,CLT,WN,181,44453,28800
NC,CLT,XE,401,44453,28800
NC,CLT,YV,2016,44453,28800
NC,CLT,YX,258,44453,28800
NC,EWN,9E,12,44453,140
NC,EWN,EV,88,44453,140
NC,EWN,MQ,1,44453,140
NC,EWN,OH,35,44453,140
NC,EWN,OO,4,44453,140
NC,FAY,9E,6,44453,476
NC,FAY,DL,28,44453,476
NC,FAY,EV,315,44453,476
NC,FAY,MQ,23,44453,476
NC,FAY,OH,34,44453,476
NC,FAY,OO,21,44453,476
NC,FAY,US,46,44453,476
NC,FAY,YV,3,44453,476
NC,GSO,9E,104,44453,2581
NC,GSO,AA,57,44453,2581
NC,GSO,CO,68,44453,2581
NC,GSO,DH,54,44453,2581
NC,GSO,DL,465,44453,2581
NC,GSO,EV,336,44453,2581
NC,GSO,F9,6,44453,2581
NC,GSO,FL,1,44453,2581
NC,GSO,G4,8,44453,2581
NC,GSO,MQ,316,44453,2581
NC,GSO,NK,5,44453,2581
NC,GSO,NW,66,44453,2581
NC,GSO,OH,323,44453,2581
NC,GSO,OO,45,44453,2581
NC,GSO,UA,84,44453,2581
NC,GSO,US,294,44453,2581
NC,GSO,XE,249,44453,2581
NC,GSO,YV,89,44453,2581
NC,GSO,YX,11,44453,2581
NC,HKY,EV,12,44453,12
NC,ILM,9E,13,44453,716
NC,ILM,AA,42,44453,716
NC,ILM,DL,21,44453,716
NC,ILM,EV,293,44453,716
NC,ILM,MQ,22,44453,716
NC,ILM,OH,60,44453,716
NC,ILM,OO,22,44453,716
NC,ILM,US,161,44453,716
NC,ILM,YV,77,44453,716
NC,ILM,YX,5,44453,716
NC,ISO,EV,14,44453,14
NC,OAJ,9E,16,44453,234
NC,OAJ,DL,2,44453,234
NC,OAJ,EV,168,44453,234
NC,OAJ,OH,41,44453,234
NC,OAJ,OO,2,44453,234
NC,OAJ,YV,5,44453,234
NC,PGV,OH,10,44453,10
NC,RDU,9E,238,44453,10554
NC,RDU,AA,1313,44453,10554
NC,RDU,AS,28,44453,10554
NC,RDU,B6,350,44453,10554
NC,RDU,CO,242,44453,10554
NC,RDU,DH,93,44453,10554
NC,RDU,DL,1162,44453,10554
NC,RDU,EV,305,44453,10554
NC,RDU,F9,88,44453,10554
NC,RDU,FL,207,44453,10554
NC,RDU,G4,14,44453,10554
NC,RDU,HP,34,44453,10554
NC,RDU,MQ,1801,44453,10554
NC,RDU,NK,19,44453,10554
NC,RDU,NW,311,44453,10554
NC,RDU,OH,399,44453,10554
NC,RDU,OO,84,44453,10554
NC,RDU,TW,45,44453,10554
NC,RDU,UA,323,44453,10554
NC,RDU,US,951,44453,10554
NC,RDU,VX,1,44453,10554
NC,RDU,WN,1936,44453,10554
NC,RDU,XE,319,44453,10554
NC,RDU,YV,159,44453,10554
NC,RDU,YX,132,44453,10554
NC,SOP,EV,5,44453,5
NC,USA,G4,19,44453,19
ND,BIS,9E,39,2379,563
ND,BIS,DL,42,2379,563
ND,BIS,EV,14,2379,563
ND,BIS,F9,9,2379,563
ND,BIS,G4,12,2379,563
ND,BIS,MQ,16,2379,563
ND,BIS,NW,133,2379,563
ND,BIS,OO,276,2379,563
ND,BIS,XE,17,2379,563
ND,BIS,YV,5,2379,563
ND,DIK,EV,14,2379,31
ND,DIK,OO,17,2379,31
ND,DVL,OO,25,2379,25
ND,FAR,9E,30,2379,975
ND,FAR,AA,1,2379,975
ND,FAR,DH,10,2379,975
ND,FAR,DL,61,2379,975
ND,FAR,EV,78,2379,975
ND,FAR,F9,8,2379,975
ND,FAR,G4,13,2379,975
ND,FAR,MQ,102,2379,975
ND,FAR,NW,221,2379,975
ND,FAR,OO,432,2379,975
ND,FAR,XE,17,2379,975
ND,FAR,YX,2,2379,975
ND,GFK,9E,42,2379,268
ND,GFK,G4,4,2379,268
ND,GFK,NW,92,2379,268
ND,GFK,OO,130,2379,268
ND,ISN,EV,34,2379,132
ND,ISN,OO,98,2379,132
ND,JMS,OO,56,2379,56
ND,MIB,NW,1,2379,1
ND,MOT,9E,6,2379,328
ND,MOT,DL,7,2379,328
ND,MOT,EV,11,2379,328
ND,MOT,F9,2,2379,328
ND,MOT,G4,7,2379,328
ND,MOT,NW,107,2379,328
ND,MOT,OO,188,2379,328
NE,BFF,OO,13,5332,13
NE,EAR,OO,7,5332,7
NE,GRI,EV,8,5332,65
NE,GRI,G4,6,5332,65
NE,GRI,MQ,49,5332,65
NE,GRI,OO,2,5332,65
NE,LBF,OO,13,5332,13
NE,LNK,9E,27,5332,565
NE,LNK,DH,11,5332,565
NE,LNK,EV,98,5332,565
NE,LNK,MQ,17,5332,565
NE,LNK,OO,315,5332,565
NE,LNK,TW,35,5332,565
NE,LNK,UA,31,5332,565
NE,LNK,XE,27,5332,565
NE,LNK,YV,4,5332,565
NE,OMA,9E,120,5332,4669
NE,OMA,AA,388,5332,4669
NE,OMA,AS,15,5332,4669
NE,OMA,CO,44,5332,4669
NE,OMA,DL,285,5332,4669
NE,OMA,EV,359,5332,4669
NE,OMA,F9,83,5332,4669
NE,OMA,G4,7,5332,4669
NE,OMA,HP,104,5332,4669
NE,OMA,MQ,288,5332,4669
NE,OMA,NW,242,5332,4669
NE,OMA,OH,95,5332,4669
NE,OMA,OO,407,5332,4669
NE,OMA,TW,68,5332,4669
NE,OMA,UA,579,5332,4669
NE,OMA,US,72,5332,4669
NE,OMA,WN,1196,5332,4669
NE,OMA,XE,228,5332,4669
NE,OMA,YV,38,5332,4669
NE,OMA,YX,51,5332,4669
NH,MHT,9E,33,2981,2975
NH,MHT,AA,5,2981,2975
NH,MHT,CO,24,2981,2975
NH,MHT,DH,45,2981,2975
NH,MHT,DL,115,2981,2975
NH,MHT,EV,159,2981,2975
NH,MHT,MQ,8,2981,2975
NH,MHT,NW,147,2981,2975
NH,MHT,OH,85,2981,2975
NH,MHT,OO,15,2981,2975
NH,MHT,UA,158,2981,2975
NH,MHT,US,371,2981,2975
NH,MHT,WN,1513,2981,2975
NH,MHT,XE,198,2981,2975
NH,MHT,YV,72,2981,2975
NH,MHT,YX,27,2981,2975
NH,PSM,F9,1,2981,6
NH,PSM,G4,5,2981,6
NJ,ACY,DH,7,28232,226
NJ,ACY,EV,16,28232,226
NJ,ACY,FL,24,28232,226
NJ,ACY,NK,159,28232,226
NJ,ACY,OH,20,28232,226
NJ,EWR,9E,54,28232,27813
NJ,EWR,AA,1616,28232,27813
NJ,EWR,AS,196,28232,27813
NJ,EWR,B6,891,28232,27813
NJ,EWR,CO,7645,28232,27813
NJ,EWR,DH,100,28232,27813
NJ,EWR,DL,1372,28232,27813
NJ,EWR,EV,2550,28232,27813
NJ,EWR,F9,5,28232,27813
NJ,EWR,FL,142,28232,27813
NJ,EWR,G4,10,28232,27813
NJ,EWR,HP,179,28232,27813
NJ,EWR,MQ,328,28232,27813
NJ,EWR,NK,104,28232,27813
NJ,EWR,NW,554,28232,27813
NJ,EWR,OH,92,28232,27813
NJ,EWR,OO,56,28232,27813
NJ,EWR,TW,80,28232,27813
NJ,EWR,TZ,51,28232,27813
NJ,EWR,UA,5123,28232,27813
NJ,EWR,US,677,28232,27813
NJ,EWR,VX,111,28232,27813
NJ,EWR,WN,531,28232,27813
NJ,EWR,XE,4737,28232,27813
NJ,EWR,YV,85,28232,27813
NJ,EWR,YX,524,28232,27813
NJ,TTN,F9,183,28232,193
NJ,TTN,G4,1,28232,193
NJ,TTN,OH,9,28232,193
NM,ABQ,AA,571,7216,6829
NM,ABQ,AS,15,7216,6829
NM,ABQ,B6,24,7216,6829
NM,ABQ,CO,178,7216,6829
NM,ABQ,DL,405,7216,6829
NM,ABQ,EV,56,7216,6829
NM,ABQ,F9,59,7216,6829
NM,ABQ,G4,4,7216,6829
NM,ABQ,HP,131,7216,6829
NM,ABQ,MQ,86,7216,6829
NM,ABQ,NW,87,7216,6829
NM,ABQ,OO,696,7216,6829
NM,ABQ,TW,50,7216,6829
NM,ABQ,UA,282,7216,6829
NM,ABQ,US,101,7216,6829
NM,ABQ,WN,3778,7216,6829
NM,ABQ,XE,189,7216,6829
NM,ABQ,YV,104,7216,6829
NM,ABQ,YX,13,7216,6829
NM,HOB,EV,57,7216,64
NM,HOB,OO,2,7216,64
NM,HOB,XE,5,7216,64
NM,ROW,EV,7,7216,142
NM,ROW,MQ,107,7216,142
NM,ROW,OO,28,7216,142
NM,SAF,EV,51,7216,181
NM,SAF,MQ,81,7216,181
NM,SAF,OO,46,7216,181
NM,SAF,YV,3,7216,181
NV,EKO,OO,250,38059,250
NV,LAS,AA,2138,38059,33051
NV,LAS,AS,970,38059,33051
NV,LAS,B6,641,38059,33051
NV,LAS,CO,798,38059,33051
NV,LAS,DH,5,38059,33051
NV,LAS,DL,2218,38059,33051
NV,LAS,EV,13,38059,33051
NV,LAS,F9,557,38059,33051
NV,LAS,FL,207,38059,33051
NV,LAS,G4,173,38059,33051
NV,LAS,HA,140,38059,33051
NV,LAS,HP,2260,38059,33051
NV,LAS,KH,15,38059,33051
NV,LAS,MQ,27,38059,33051
NV,LAS,NK,664,38059,33051
NV,LAS,NW,569,38059,33051
NV,LAS,OO,654,38059,33051
NV,LAS,TW,71,38059,33051
NV,LAS,TZ,63,38059,33051
NV,LAS,UA,2635,38059,33051
NV,LAS,US,1998,38059,33051
NV,LAS,VX,268,38059,33051
NV,LAS,WN,15648,38059,33051
NV,LAS,XE,11,38059,33051
NV,LAS,YV,308,38059,33051
NV,RNO,AA,434,38059,4758
NV,RNO,AS,128,38059,4758
NV,RNO,B6,25,38059,4758
NV,RNO,CO,52,38059,4758
NV,RNO,DL,172,38059,4758
NV,RNO,EV,14,38059,4758
NV,RNO,F9,19,38059,4758
NV,RNO,G4,5,38059,4758
NV,RNO,HP,169,38059,4758
NV,RNO,KH,8,38059,4758
NV,RNO,MQ,24,38059,4758
NV,RNO,NW,55,38059,4758
NV,RNO,OO,622,38059,4758
NV,RNO,TW,10,38059,4758
NV,RNO,UA,371,38059,4758
NV,RNO,US,130,38059,4758
NV,RNO,WN,2433,38059,4758
NV,RNO,XE,29,38059,4758
NV,RNO,YV,58,38059,4758
NY,ALB,9E,46,62603,2697
NY,ALB,AA,92,62603,2697
NY,ALB,B6,22,62603,2697
NY,ALB,DH,74,62603,2697
NY,ALB,DL,284,62603,2697
NY,ALB,EV,140,62603,2697
NY,ALB,F9,8,62603,2697
NY,ALB,G4,7,62603,2697
NY,ALB,MQ,117,62603,2697
NY,ALB,NW,134,62603,2697
NY,ALB,OH,75,62603,2697
NY,ALB,OO,48,62603,2697
NY,ALB,UA,174,62603,2697
NY,ALB,US,370,62603,2697
NY,ALB,WN,873,62603,2697
NY,ALB,XE,192,62603,2697
NY,ALB,YV,31,62603,2697
NY,ALB,YX,10,62603,2697
NY,ART,MQ,11,62603,12
NY,ART,OH,1,62603,12
NY,BGM,9E,49,62603,166
NY,BGM,DH,20,62603,166
NY,BGM,EV,11,62603,166
NY,BGM,OH,24,62603,166
NY,BGM,OO,43,62603,166
NY,BGM,US,19,62603,166
NY,BUF,9E,99,62603,4841
NY,BUF,AA,142,62603,4841
NY,BUF,B6,767,62603,4841
NY,BUF,CO,75,62603,4841
NY,BUF,DH,69,62603,4841
NY,BUF,DL,371,62603,4841
NY,BUF,EV,201,62603,4841
NY,BUF,F9,21,62603,4841
NY,BUF,FL,169,62603,4841
NY,BUF,MQ,283,62603,4841
NY,BUF,NW,226,62603,4841
NY,BUF,OH,137,62603,4841
NY,BUF,OO,50,62603,4841
NY,BUF,UA,232,62603,4841
NY,BUF,US,593,62603,4841
NY,BUF,WN,1075,62603,4841
NY,BUF,XE,200,62603,4841
NY,BUF,YV,79,62603,4841
NY,BUF,YX,52,62603,4841
NY,ELM,9E,55,62603,220
NY,ELM,EV,106,62603,220
NY,ELM,G4,10,62603,220
NY,ELM,OO,6,62603,220
NY,ELM,US,43,62603,220
NY,HPN,9E,82,62603,1805
NY,HPN,AA,104,62603,1805
NY,HPN,B6,530,62603,1805
NY,HPN,DH,64,62603,1805
NY,HPN,DL,11,62603,1805
NY,HPN,EV,290,62603,1805
NY,HPN,FL,157,62603,1805
NY,HPN,MQ,179,62603,1805
NY,HPN,NW,40,62603,1805
NY,HPN,OH,96,62603,1805
NY,HPN,OO,92,62603,1805
NY,HPN,UA,89,62603,1805
NY,HPN,US,26,62603,1805
NY,HPN,XE,45,62603,1805
NY,IAG,G4,9,62603,22
NY,IAG,NK,13,62603,22
NY,ISP,AA,11,62603,1751
NY,ISP,DL,56,62603,1751
NY,ISP,EV,48,62603,1751
NY,ISP,F9,44,62603,1751
NY,ISP,MQ,65,62603,1751
NY,ISP,OH,21,62603,1751
NY,ISP,WN,1494,62603,1751
NY,ISP,XE,12,62603,1751
NY,ITH,9E,22,62603,111
NY,ITH,OH,1,62603,111
NY,ITH,OO,43,62603,111
NY,ITH,US,45,62603,111
NY,JFK,9E,630,62603,20724
NY,JFK,AA,3091,62603,20724
NY,JFK,AS,122,62603,20724
NY,JFK,B6,7555,62603,20724
NY,JFK,CO,51,62603,20724
NY,JFK,DH,124,62603,20724
NY,JFK,DL,4215,62603,20724
NY,JFK,EV,120,62603,20724
NY,JFK,HA,27,62603,20724
NY,JFK,HP,205,62603,20724
NY,JFK,MQ,1376,62603,20724
NY,JFK,NW,181,62603,20724
NY,JFK,OH,1231,62603,20724
NY,JFK,OO,37,62603,20724
NY,JFK,TW,283,62603,20724
NY,JFK,UA,864,62603,20724
NY,JFK,US,213,62603,20724
NY,JFK,VX,251,62603,20724
NY,JFK,XE,26,62603,20724
NY,JFK,YV,55,62603,20724
NY,JFK,YX,67,62603,20724
NY,LGA,9E,656,62603,24577
NY,LGA,AA,4397,62603,24577
NY,LGA,B6,701,62603,24577
NY,LGA,CO,573,62603,24577
NY,LGA,DH,34,62603,24577
NY,LGA,DL,5117,62603,24577
NY,LGA,EV,730,62603,24577
NY,LGA,F9,139,62603,24577
NY,LGA,FL,626,62603,24577
NY,LGA,HP,5,62603,24577
NY,LGA,MQ,2680,62603,24577
NY,LGA,NK,209,62603,24577
NY,LGA,NW,816,62603,24577
NY,LGA,OH,932,62603,24577
NY,LGA,OO,216,62603,24577
NY,LGA,TW,78,62603,24577
NY,LGA,TZ,153,62603,24577
NY,LGA,UA,1763,62603,24577
NY,LGA,US,2917,62603,24577
NY,LGA,VX,30,62603,24577
NY,LGA,WN,884,62603,24577
NY,LGA,XE,102,62603,24577
NY,LGA,YV,117,62603,24577
NY,LGA,YX,702,62603,24577
NY,OGS,G4,4,62603,11
NY,OGS,OO,7,62603,11
NY,PBG,G4,9,62603,31
NY,PBG,NK,13,62603,31
NY,PBG,OO,9,62603,31
NY,ROC,9E,93,62603,2897
NY,ROC,AA,76,62603,2897
NY,ROC,B6,273,62603,2897
NY,ROC,CO,8,62603,2897
NY,ROC,DH,74,62603,2897
NY,ROC,DL,223,62603,2897
NY,ROC,EV,218,62603,2897
NY,ROC,FL,255,62603,2897
NY,ROC,G4,3,62603,2897
NY,ROC,MQ,269,62603,2897
NY,ROC,NW,98,62603,2897
NY,ROC,OH,184,62603,2897
NY,ROC,OO,31,62603,2897
NY,ROC,UA,256,62603,2897
NY,ROC,US,363,62603,2897
NY,ROC,WN,145,62603,2897
NY,ROC,XE,218,62603,2897
NY,ROC,YV,78,62603,2897
NY,ROC,YX,32,62603,2897
NY,SWF,9E,42,62603,437
NY,SWF,AA,47,62603,437
NY,SWF,B6,122,62603,437
NY,SWF,DH,18,62603,437
NY,SWF,EV,43,62603,437
NY,SWF,FL,43,62603,437
NY,SWF,G4,3,62603,437
NY,SWF,MQ,69,62603,437
NY,SWF,OH,31,62603,437
NY,SWF,OO,19,62603,437
NY,SYR,9E,65,62603,2301
NY,SYR,AA,79,62603,2301
NY,SYR,B6,309,62603,2301
NY,SYR,DH,64,62603,2301
NY,SYR,DL,267,62603,2301
NY,SYR,EV,180,62603,2301
NY,SYR,F9,9,62603,2301
NY,SYR,G4,9,62603,2301
NY,SYR,MQ,259,62603,2301
NY,SYR,NW,155,62603,2301
NY,SYR,OH,122,62603,2301
NY,SYR,OO,116,62603,2301
NY,SYR,UA,54,62603,2301
NY,SYR,US,359,62603,2301
NY,SYR,XE,152,62603,2301
NY,SYR,YV,73,62603,2301
NY,SYR,YX,29,62603,2301
OH,CAK,9E,58,24213,1380
OH,CAK,DH,14,24213,1380
OH,CAK,DL,96,24213,1380
OH,CAK,EV,244,24213,1380
OH,CAK,F9,38,24213,1380
OH,CAK,FL,448,24213,1380
OH,CAK,MQ,8,24213,1380
OH,CAK,NK,21,24213,1380
OH,CAK,OH,194,24213,1380
OH,CAK,OO,96,24213,1380
OH,CAK,US,22,24213,1380
OH,CAK,WN,90,24213,1380
OH,CAK,XE,20,24213,1380
OH,CAK,YV,31,24213,1380
OH,CLE,9E,215,24213,12447
OH,CLE,AA,308,24213,12447
OH,CLE,B6,76,24213,12447
OH,CLE,CO,2295,24213,12447
OH,CLE,DH,86,24213,12447
OH,CLE,DL,446,24213,12447
OH,CLE,EV,1004,24213,12447
OH,CLE,F9,168,24213,12447
OH,CLE,G4,16,24213,12447
OH,CLE,HP,41,24213,12447
OH,CLE,MQ,782,24213,12447
OH,CLE,NK,157,24213,12447
OH,CLE,NW,259,24213,12447
OH,CLE,OH,155,24213,12447
OH,CLE,OO,291,24213,12447
OH,CLE,TW,59,24213,12447
OH,CLE,UA,931,24213,12447
OH,CLE,US,261,24213,12447
OH,CLE,WN,1398,24213,12447
OH,CLE,XE,3326,24213,12447
OH,CLE,YV,133,24213,12447
OH,CLE,YX,40,24213,12447
OH,CMH,9E,128,24213,7346
OH,CMH,AA,368,24213,7346
OH,CMH,AS,4,24213,7346
OH,CMH,B6,11,24213,7346
OH,CMH,CO,174,24213,7346
OH,CMH,DH,73,24213,7346
OH,CMH,DL,774,24213,7346
OH,CMH,EV,221,24213,7346
OH,CMH,F9,25,24213,7346
OH,CMH,FL,128,24213,7346
OH,CMH,HP,241,24213,7346
OH,CMH,MQ,1191,24213,7346
OH,CMH,NK,29,24213,7346
OH,CMH,NW,355,24213,7346
OH,CMH,OH,215,24213,7346
OH,CMH,OO,185,24213,7346
OH,CMH,TW,66,24213,7346
OH,CMH,UA,336,24213,7346
OH,CMH,US,438,24213,7346
OH,CMH,WN,1862,24213,7346
OH,CMH,XE,232,24213,7346
OH,CMH,YV,55,24213,7346
OH,CMH,YX,235,24213,7346
OH,DAY,9E,90,24213,2630
OH,DAY,AA,161,24213,2630
OH,DAY,DH,64,24213,2630
OH,DAY,DL,319,24213,2630
OH,DAY,EV,210,24213,2630
OH,DAY,F9,41,24213,2630
OH,DAY,FL,329,24213,2630
OH,DAY,G4,4,24213,2630
OH,DAY,MQ,277,24213,2630
OH,DAY,NW,43,24213,2630
OH,DAY,OH,242,24213,2630
OH,DAY,OO,216,24213,2630
OH,DAY,TW,45,24213,2630
OH,DAY,UA,103,24213,2630
OH,DAY,US,129,24213,2630
OH,DAY,WN,55,24213,2630
OH,DAY,XE,274,24213,2630
OH,DAY,YV,28,24213,2630
OH,LCK,G4,18,24213,18
OH,TOL,9E,1,24213,392
OH,TOL,DH,43,24213,392
OH,TOL,EV,52,24213,392
OH,TOL,G4,11,24213,392
OH,TOL,MQ,183,24213,392
OH,TOL,OH,63,24213,392
OH,TOL,OO,7,24213,392
OH,TOL,US,32,24213,392
OK,LAW,EV,41,9338,295
OK,LAW,MQ,245,9338,295
OK,LAW,OO,9,9338,295
OK,OKC,9E,94,9338,4727
OK,OKC,AA,553,9338,4727
OK,OKC,CO,102,9338,4727
OK,OKC,DH,30,9338,4727
OK,OKC,DL,297,9338,4727
OK,OKC,EV,294,9338,4727
OK,OKC,F9,48,9338,4727
OK,OKC,FL,10,9338,4727
OK,OKC,G4,9,9338,4727
OK,OKC,MQ,390,9338,4727
OK,OKC,NW,65,9338,4727
OK,OKC,OH,99,9338,4727
OK,OKC,OO,504,9338,4727
OK,OKC,TW,59,9338,4727
OK,OKC,UA,191,9338,4727
OK,OKC,WN,1549,9338,4727
OK,OKC,XE,269,9338,4727
OK,OKC,YV,136,9338,4727
OK,OKC,YX,28,9338,4727
OK,SWO,MQ,17,9338,17
OK,TUL,9E,129,9338,4299
OK,TUL,AA,731,9338,4299
OK,TUL,CO,114,9338,4299
OK,TUL,DH,24,9338,4299
OK,TUL,DL,228,9338,4299
OK,TUL,EV,444,9338,4299
OK,TUL,F9,5,9338,4299
OK,TUL,G4,11,9338,4299
OK,TUL,MQ,335,9338,4299
OK,TUL,OH,56,9338,4299
OK,TUL,OO,315,9338,4299
OK,TUL,TW,68,9338,4299
OK,TUL,UA,166,9338,4299
OK,TUL,WN,1420,9338,4299
OK,TUL,XE,231,9338,4299
OK,TUL,YV,18,9338,4299
OK,TUL,YX,4,9338,4299
OR,EUG,F9,4,14431,928
OR,EUG,G4,11,14431,928
OR,EUG,OO,746,14431,928
OR,EUG,UA,127,14431,928
OR,EUG,XE,12,14431,928
OR,EUG,YV,28,14431,928
OR,LMT,OO,62,14431,62
OR,MFR,G4,11,14431,795
OR,MFR,OO,684,14431,795
OR,MFR,UA,82,14431,795
OR,MFR,YV,18,14431,795
OR,OTH,OO,86,14431,86
OR,PDX,AA,592,14431,11990
OR,PDX,AS,2946,14431,11990
OR,PDX,B6,160,14431,11990
OR,PDX,CO,212,14431,11990
OR,PDX,DL,1057,14431,11990
OR,PDX,EV,5,14431,11990
OR,PDX,F9,195,14431,11990
OR,PDX,HA,80,14431,11990
OR,PDX,HP,161,14431,11990
OR,PDX,NK,47,14431,11990
OR,PDX,NW,247,14431,11990
OR,PDX,OO,1655,14431,11990
OR,PDX,TW,53,14431,11990
OR,PDX,UA,1575,14431,11990
OR,PDX,US,232,14431,11990
OR,PDX,VX,45,14431,11990
OR,PDX,WN,2717,14431,11990
OR,PDX,XE,10,14431,11990
OR,PDX,YV,1,14431,11990
OR,RDM,AS,1,14431,565
OR,RDM,G4,1,14431,565
OR,RDM,OO,560,14431,565
OR,RDM,UA,3,14431,565
OR,SLE,OO,5,14431,5
PA,ABE,9E,58,36070,916
PA,ABE,DH,28,36070,916
PA,ABE,DL,72,36070,916
PA,ABE,EV,207,36070,916
PA,ABE,F9,2,36070,916
PA,ABE,FL,18,36070,916
PA,ABE,G4,18,36070,916
PA,ABE,MQ,18,36070,916
PA,ABE,NW,55,36070,916
PA,ABE,OH,89,36070,916
PA,ABE,OO,68,36070,916
PA,ABE,UA,50,36070,916
PA,ABE,US,121,36070,916
PA,ABE,XE,73,36070,916
PA,ABE,YV,39,36070,916
PA,AVP,9E,49,36070,454
PA,AVP,DH,10,36070,454
PA,AVP,DL,17,36070,454
PA,AVP,EV,119,36070,454
PA,AVP,MQ,14,36070,454
PA,AVP,OH,89,36070,454
PA,AVP,OO,53,36070,454
PA,AVP,US,66,36070,454
PA,AVP,XE,8,36070,454
PA,AVP,YV,29,36070,454
PA,ERI,9E,62,36070,192
PA,ERI,DH,11,36070,192
PA,ERI,EV,27,36070,192
PA,ERI,MQ,3,36070,192
PA,ERI,OH,20,36070,192
PA,ERI,OO,30,36070,192
PA,ERI,US,37,36070,192
PA,ERI,XE,2,36070,192
PA,LBE,NK,58,36070,58
PA,MDT,9E,68,36070,1415
PA,MDT,AA,55,36070,1415
PA,MDT,DH,42,36070,1415
PA,MDT,DL,97,36070,1415
PA,MDT,EV,221,36070,1415
PA,MDT,F9,15,36070,1415
PA,MDT,FL,17,36070,1415
PA,MDT,G4,14,36070,1415
PA,MDT,MQ,176,36070,1415
PA,MDT,NW,89,36070,1415
PA,MDT,OH,91,36070,1415
PA,MDT,OO,34,36070,1415
PA,MDT,TW,3,36070,1415
PA,MDT,UA,132,36070,1415
PA,MDT,US,173,36070,1415
PA,MDT,XE,51,36070,1415
PA,MDT,YV,134,36070,1415
PA,MDT,YX,3,36070,1415
PA,PHL,9E,118,36070,21590
PA,PHL,AA,3204,36070,21590
PA,PHL,AS,49,36070,21590
PA,PHL,B6,146,36070,21590
PA,PHL,CO,254,36070,21590
PA,PHL,DH,67,36070,21590
PA,PHL,DL,1434,36070,21590
PA,PHL,EV,47,36070,21590
PA,PHL,F9,244,36070,21590
PA,PHL,FL,540,36070,21590
PA,PHL,HP,141,36070,21590
PA,PHL,MQ,222,36070,21590
PA,PHL,NK,153,36070,21590
PA,PHL,NW,561,36070,21590
PA,PHL,OH,442,36070,21590
PA,PHL,OO,59,36070,21590
PA,PHL,TW,57,36070,21590
PA,PHL,TZ,25,36070,21590
PA,PHL,UA,1172,36070,21590
PA,PHL,US,9705,36070,21590
PA,PHL,VX,39,36070,21590
PA,PHL,WN,2349,36070,21590
PA,PHL,XE,76,36070,21590
PA,PHL,YV,79,36070,21590
PA,PHL,YX,407,36070,21590
PA,PIT,9E,226,36070,11287
PA,PIT,AA,459,36070,11287
PA,PIT,AS,8,36070,11287
PA,PIT,B6,240,36070,11287
PA,PIT,CO,114,36070,11287
PA,PIT,DH,91,36070,11287
PA,PIT,DL,598,36070,11287
PA,PIT,EV,198,36070,11287
PA,PIT,F9,19,36070,11287
PA,PIT,FL,359,36070,11287
PA,PIT,G4,20,36070,11287
PA,PIT,HP,29,36070,11287
PA,PIT,MQ,553,36070,11287
PA,PIT,NK,56,36070,11287
PA,PIT,NW,157,36070,11287
PA,PIT,OH,232,36070,11287
PA,PIT,OO,164,36070,11287
PA,PIT,TW,69,36070,11287
PA,PIT,TZ,23,36070,11287
PA,PIT,UA,522,36070,11287
PA,PIT,US,5416,36070,11287
PA,PIT,WN,1227,36070,11287
PA,PIT,XE,219,36070,11287
PA,PIT,YV,119,36070,11287
PA,PIT,YX,169,36070,11287
PA,SCE,9E,37,36070,158
PA,SCE,DH,20,36070,158
PA,SCE,EV,33,36070,158
PA,SCE,G4,1,36070,158
PA,SCE,MQ,8,36070,158
PA,SCE,OH,19,36070,158
PA,SCE,OO,40,36070,158
PR,BQN,B6,166,5804,250
PR,BQN,CO,41,5804,250
PR,BQN,NK,20,5804,250
PR,BQN,UA,23,5804,250
PR,PSE,B6,120,5804,128
PR,PSE,CO,8,5804,128
PR,SJU,AA,2191,5804,5426
PR,SJU,B6,1126,5804,5426
PR,SJU,CO,265,5804,5426
PR,SJU,DL,496,5804,5426
PR,SJU,F9,30,5804,5426
PR,SJU,FL,150,5804,5426
PR,SJU,G4,2,5804,5426
PR,SJU,MQ,10,5804,5426
PR,SJU,NK,59,5804,5426
PR,SJU,NW,36,5804,5426
PR,SJU,TW,113,5804,5426
PR,SJU,TZ,24,5804,5426
PR,SJU,UA,295,5804,5426
PR,SJU,US,354,5804,5426
PR,SJU,WN,275,5804,5426
RI,PVD,9E,33,4590,4590
RI,PVD,AA,219,4590,4590
RI,PVD,B6,105,4590,4590
RI,PVD,CO,82,4590,4590
RI,PVD,DH,53,4590,4590
RI,PVD,DL,345,4590,4590
RI,PVD,EV,150,4590,4590
RI,PVD,F9,25,4590,4590
RI,PVD,G4,1,4590,4590
RI,PVD,MQ,92,4590,4590
RI,PVD,NW,180,4590,4590
RI,PVD,OH,90,4590,4590
RI,PVD,OO,15,4590,4590
RI,PVD,UA,181,4590,4590
RI,PVD,US,781,4590,4590
RI,PVD,WN,1952,4590,4590
RI,PVD,XE,188,4590,4590
RI,PVD,YV,67,4590,4590
RI,PVD,YX,31,4590,4590
SC,CAE,9E,58,7928,1563
SC,CAE,AA,14,7928,1563
SC,CAE,DH,109,7928,1563
SC,CAE,DL,277,7928,1563
SC,CAE,EV,583,7928,1563
SC,CAE,MQ,88,7928,1563
SC,CAE,OH,112,7928,1563
SC,CAE,OO,6,7928,1563
SC,CAE,US,66,7928,1563
SC,CAE,XE,98,7928,1563
SC,CAE,YV,145,7928,1563
SC,CAE,YX,7,7928,1563
SC,CHS,9E,64,7928,2908
SC,CHS,AA,53,7928,2908
SC,CHS,AS,13,7928,2908
SC,CHS,B6,180,7928,2908
SC,CHS,CO,24,7928,2908
SC,CHS,DH,96,7928,2908
SC,CHS,DL,665,7928,2908
SC,CHS,EV,325,7928,2908
SC,CHS,F9,11,7928,2908
SC,CHS,FL,38,7928,2908
SC,CHS,G4,5,7928,2908
SC,CHS,MQ,142,7928,2908
SC,CHS,NW,5,7928,2908
SC,CHS,OH,214,7928,2908
SC,CHS,OO,105,7928,2908
SC,CHS,UA,38,7928,2908
SC,CHS,US,239,7928,2908
SC,CHS,WN,243,7928,2908
SC,CHS,XE,181,7928,2908
SC,CHS,YV,213,7928,2908
SC,CHS,YX,54,7928,2908
SC,FLO,EV,74,7928,77
SC,FLO,OH,3,7928,77
SC,GSP,9E,104,7928,2102
SC,GSP,AA,14,7928,2102
SC,GSP,DH,102,7928,2102
SC,GSP,DL,356,7928,2102
SC,GSP,EV,381,7928,2102
SC,GSP,F9,4,7928,2102
SC,GSP,G4,8,7928,2102
SC,GSP,MQ,307,7928,2102
SC,GSP,NW,71,7928,2102
SC,GSP,OH,189,7928,2102
SC,GSP,OO,38,7928,2102
SC,GSP,US,62,7928,2102
SC,GSP,WN,138,7928,2102
SC,GSP,XE,216,7928,2102
SC,GSP,YV,104,7928,2102
SC,GSP,YX,8,7928,2102
SC,HHH,EV,20,7928,45
SC,HHH,YV,2,7928,45
SC,HHH,YX,23,7928,45
SC,MYR,9E,4,7928,1233
SC,MYR,AA,18,7928,1233
SC,MYR,CO,27,7928,1233
SC,MYR,DL,90,7928,1233
SC,MYR,EV,301,7928,1233
SC,MYR,F9,6,7928,1233
SC,MYR,FL,19,7928,1233
SC,MYR,G4,23,7928,1233
SC,MYR,MQ,12,7928,1233
SC,MYR,NK,221,7928,1233
SC,MYR,NW,23,7928,1233
SC,MYR,OH,109,7928,1233
SC,MYR,OO,3,7928,1233
SC,MYR,UA,5,7928,1233
SC,MYR,US,269,7928,1233
SC,MYR,XE,6,7928,1233
SC,MYR,YV,86,7928,1233
SC,MYR,YX,11,7928,1233
SD,ABR,OO,77,2009,77
SD,ATY,OO,4,2009,4
SD,FSD,9E,35,2009,1117
SD,FSD,DH,8,2009,1117
SD,FSD,DL,53,2009,1117
SD,FSD,EV,123,2009,1117
SD,FSD,F9,17,2009,1117
SD,FSD,G4,12,2009,1117
SD,FSD,MQ,116,2009,1117
SD,FSD,NW,193,2009,1117
SD,FSD,OH,43,2009,1117
SD,FSD,OO,376,2009,1117
SD,FSD,TW,27,2009,1117
SD,FSD,UA,55,2009,1117
SD,FSD,XE,20,2009,1117
SD,FSD,YV,39,2009,1117
SD,PIR,OO,6,2009,6
SD,RAP,9E,12,2009,805
SD,RAP,DL,27,2009,805
SD,RAP,EV,40,2009,805
SD,RAP,G4,7,2009,805
SD,RAP,MQ,28,2009,805
SD,RAP,NW,114,2009,805
SD,RAP,OH,2,2009,805
SD,RAP,OO,496,2009,805
SD,RAP,UA,4,2009,805
SD,RAP,XE,21,2009,805
SD,RAP,YV,46,2009,805
SD,RAP,YX,8,2009,805
TN,BNA,9E,114,25827,12489
TN,BNA,AA,1141,25827,12489
TN,BNA,AS,22,25827,12489
TN,BNA,B6,77,25827,12489
TN,BNA,CO,69,25827,12489
TN,BNA,DH,88,25827,12489
TN,BNA,DL,866,25827,12489
TN,BNA,EV,460,25827,12489
TN,BNA,F9,118,25827,12489
TN,BNA,G4,13,25827,12489
TN,BNA,MQ,699,25827,12489
TN,BNA,NK,9,25827,12489
TN,BNA,NW,407,25827,12489
TN,BNA,OH,179,25827,12489
TN,BNA,OO,519,25827,12489
TN,BNA,TW,58,25827,12489
TN,BNA,UA,150,25827,12489
TN,BNA,US,379,25827,12489
TN,BNA,VX,4,25827,12489
TN,BNA,WN,6452,25827,12489
TN,BNA,XE,405,25827,12489
TN,BNA,YV,176,25827,12489
TN,BNA,YX,84,25827,12489
TN,CHA,9E,43,25827,921
TN,CHA,DH,14,25827,921
TN,CHA,DL,53,25827,921
TN,CHA,EV,378,25827,921
TN,CHA,G4,4,25827,921
TN,CHA,MQ,186,25827,921
TN,CHA,OH,92,25827,921
TN,CHA,OO,81,25827,921
TN,CHA,US,37,25827,921
TN,CHA,XE,16,25827,921
TN,CHA,YV,17,25827,921
TN,MEM,9E,1646,25827,9660
TN,MEM,AA,357,25827,9660
TN,MEM,CO,13,25827,9660
TN,MEM,DH,30,25827,9660
TN,MEM,DL,1119,25827,9660
TN,MEM,EV,735,25827,9660
TN,MEM,F9,26,25827,9660
TN,MEM,FL,197,25827,9660
TN,MEM,G4,12,25827,9660
TN,MEM,MQ,368,25827,9660
TN,MEM,NW,3734,25827,9660
TN,MEM,OH,172,25827,9660
TN,MEM,OO,294,25827,9660
TN,MEM,UA,64,25827,9660
TN,MEM,US,80,25827,9660
TN,MEM,WN,228,25827,9660
TN,MEM,XE,309,25827,9660
TN,MEM,YV,209,25827,9660
TN,MEM,YX,67,25827,9660
TN,TRI,9E,19,25827,488
TN,TRI,DH,18,25827,488
TN,TRI,DL,34,25827,488
TN,TRI,EV,292,25827,488
TN,TRI,G4,1,25827,488
TN,TRI,MQ,16,25827,488
TN,TRI,OH,41,25827,488
TN,TRI,OO,41,25827,488
TN,TRI,US,25,25827,488
TN,TRI,YV,1,25827,488
TN,TYS,9E,248,25827,2269
TN,TYS,AA,25,25827,2269
TN,TYS,DH,89,25827,2269
TN,TYS,DL,231,25827,2269
TN,TYS,EV,540,25827,2269
TN,TYS,F9,16,25827,2269
TN,TYS,FL,9,25827,2269
TN,TYS,G4,31,25827,2269
TN,TYS,MQ,361,25827,2269
TN,TYS,NW,20,25827,2269
TN,TYS,OH,173,25827,2269
TN,TYS,OO,133,25827,2269
TN,TYS,TW,23,25827,2269
TN,TYS,UA,35,25827,2269
TN,TYS,US,48,25827,2269
TN,TYS,XE,253,25827,2269
TN,TYS,YV,24,25827,2269
TN,TYS,YX,10,25827,2269
TT,GUM,CO,3,59,42
TT,GUM,UA,39,59,42
TT,PPG,HA,8,59,8
TT,SPN,UA,9,59,9
TX,ABI,EV,3,154262,471
TX,ABI,MQ,455,154262,471
TX,ABI,OO,13,154262,471
TX,ACT,EV,22,154262,335
TX,ACT,MQ,289,154262,335
TX,ACT,OO,24,154262,335
TX,AMA,9E,4,154262,1378
TX,AMA,AA,46,154262,1378
TX,AMA,EV,171,154262,1378
TX,AMA,MQ,366,154262,1378
TX,AMA,OO,16,154262,1378
TX,AMA,WN,617,154262,1378
TX,AMA,XE,118,154262,1378
TX,AMA,YV,40,154262,1378
TX,AUS,9E,63,154262,10079
TX,AUS,AA,2009,154262,10079
TX,AUS,AS,82,154262,10079
TX,AUS,B6,335,154262,10079
TX,AUS,CO,545,154262,10079
TX,AUS,DH,5,154262,10079
TX,AUS,DL,817,154262,10079
TX,AUS,EV,132,154262,10079
TX,AUS,F9,187,154262,10079
TX,AUS,FL,6,154262,10079
TX,AUS,G4,19,154262,10079
TX,AUS,HP,105,154262,10079
TX,AUS,MQ,69,154262,10079
TX,AUS,NK,30,154262,10079
TX,AUS,NW,152,154262,10079
TX,AUS,OH,49,154262,10079
TX,AUS,OO,444,154262,10079
TX,AUS,TW,67,154262,10079
TX,AUS,UA,573,154262,10079
TX,AUS,US,42,154262,10079
TX,AUS,VX,41,154262,10079
TX,AUS,WN,3905,154262,10079
TX,AUS,XE,126,154262,10079
TX,AUS,YV,254,154262,10079
TX,AUS,YX,22,154262,10079
TX,BPT,EV,32,154262,154
TX,BPT,MQ,50,154262,154
TX,BPT,OO,17,154262,154
TX,BPT,XE,55,154262,154
TX,BRO,CO,4,154262,366
TX,BRO,EV,143,154262,366
TX,BRO,MQ,36,154262,366
TX,BRO,OO,14,154262,366
TX,BRO,XE,146,154262,366
TX,BRO,YV,20,154262,366
TX,BRO,YX,3,154262,366
TX,CLL,EV,94,154262,411
TX,CLL,MQ,248,154262,411
TX,CLL,OO,40,154262,411
TX,CLL,XE,29,154262,411
TX,CRP,AA,7,154262,1325
TX,CRP,CO,18,154262,1325
TX,CRP,EV,251,154262,1325
TX,CRP,MQ,364,154262,1325
TX,CRP,OO,8,154262,1325
TX,CRP,WN,380,154262,1325
TX,CRP,XE,251,154262,1325
TX,CRP,YV,41,154262,1325
TX,CRP,YX,5,154262,1325
TX,DAL,9E,11,154262,11274
TX,DAL,AA,127,154262,11274
TX,DAL,AS,11,154262,11274
TX,DAL,DL,105,154262,11274
TX,DAL,EV,99,154262,11274
TX,DAL,MQ,130,154262,11274
TX,DAL,OO,120,154262,11274
TX,DAL,VX,158,154262,11274
TX,DAL,WN,10233,154262,11274
TX,DAL,XE,280,154262,11274
TX,DFW,9E,91,154262,59497
TX,DFW,AA,33491,154262,59497
TX,DFW,AS,168,154262,59497
TX,DFW,B6,66,154262,59497
TX,DFW,CO,516,154262,59497
TX,DFW,DL,2965,154262,59497
TX,DFW,EV,2174,154262,59497
TX,DFW,F9,207,154262,59497
TX,DFW,FL,333,154262,59497
TX,DFW,HP,208,154262,59497
TX,DFW,MQ,13743,154262,59497
TX,DFW,NK,465,154262,59497
TX,DFW,NW,487,154262,59497
TX,DFW,OH,80,154262,59497
TX,DFW,OO,985,154262,59497
TX,DFW,TW,113,154262,59497
TX,DFW,TZ,83,154262,59497
TX,DFW,UA,1145,154262,59497
TX,DFW,US,960,154262,59497
TX,DFW,VX,80,154262,59497
TX,DFW,XE,218,154262,59497
TX,DFW,YV,857,154262,59497
TX,DFW,YX,62,154262,59497
TX,DRT,EV,7,154262,10
TX,DRT,MQ,3,154262,10
TX,EFD,XE,34,154262,34
TX,ELP,AA,641,154262,4249
TX,ELP,CO,107,154262,4249
TX,ELP,DL,167,154262,4249
TX,ELP,EV,143,154262,4249
TX,ELP,F9,3,154262,4249
TX,ELP,G4,5,154262,4249
TX,ELP,HP,91,154262,4249
TX,ELP,MQ,57,154262,4249
TX,ELP,OO,348,154262,4249
TX,ELP,TW,12,154262,4249
TX,ELP,UA,3,154262,4249
TX,ELP,US,37,154262,4249
TX,ELP,WN,2300,154262,4249
TX,ELP,XE,132,154262,4249
TX,ELP,YV,189,154262,4249
TX,ELP,YX,14,154262,4249
TX,GGG,EV,15,154262,203
TX,GGG,MQ,188,154262,203
TX,GRK,EV,182,154262,565
TX,GRK,MQ,326,154262,565
TX,GRK,OO,8,154262,565
TX,GRK,XE,47,154262,565
TX,GRK,YX,2,154262,565
TX,HOU,9E,40,154262,12196
TX,HOU,AA,149,154262,12196
TX,HOU,B6,134,154262,12196
TX,HOU,CO,8,154262,12196
TX,HOU,DL,307,154262,12196
TX,HOU,EV,135,154262,12196
TX,HOU,F9,9,154262,12196
TX,HOU,FL,227,154262,12196
TX,HOU,MQ,380,154262,12196
TX,HOU,NW,28,154262,12196
TX,HOU,OH,11,154262,12196
TX,HOU,OO,23,154262,12196
TX,HOU,TZ,5,154262,12196
TX,HOU,WN,10691,154262,12196
TX,HOU,XE,7,154262,12196
TX,HOU,YV,42,154262,12196
TX,HRL,9E,3,154262,934
TX,HRL,EV,77,154262,934
TX,HRL,F9,3,154262,934
TX,HRL,MQ,7,154262,934
TX,HRL,OO,5,154262,934
TX,HRL,WN,705,154262,934
TX,HRL,XE,119,154262,934
TX,HRL,YV,12,154262,934
TX,HRL,YX,3,154262,934
TX,IAH,9E,75,154262,36800
TX,IAH,AA,1188,154262,36800
TX,IAH,AS,40,154262,36800
TX,IAH,B6,1,154262,36800
TX,IAH,CO,11540,154262,36800
TX,IAH,DL,670,154262,36800
TX,IAH,EV,4843,154262,36800
TX,IAH,F9,130,154262,36800
TX,IAH,HP,142,154262,36800
TX,IAH,MQ,157,154262,36800
TX,IAH,NK,330,154262,36800
TX,IAH,NW,371,154262,36800
TX,IAH,OH,75,154262,36800
TX,IAH,OO,1668,154262,36800
TX,IAH,TW,41,154262,36800
TX,IAH,UA,5552,154262,36800
TX,IAH,US,620,154262,36800
TX,IAH,WN,137,154262,36800
TX,IAH,XE,8173,154262,36800
TX,IAH,YV,759,154262,36800
TX,IAH,YX,288,154262,36800
TX,ILE,EV,7,154262,133
TX,ILE,MQ,107,154262,133
TX,ILE,OO,17,154262,133
TX,ILE,XE,2,154262,133
TX,LBB,9E,15,154262,1599
TX,LBB,AA,25,154262,1599
TX,LBB,CO,1,154262,1599
TX,LBB,EV,135,154262,1599
TX,LBB,MQ,361,154262,1599
TX,LBB,OO,29,154262,1599
TX,LBB,WN,871,154262,1599
TX,LBB,XE,113,154262,1599
TX,LBB,YV,49,154262,1599
TX,LRD,EV,117,154262,483
TX,LRD,G4,5,154262,483
TX,LRD,MQ,248,154262,483
TX,LRD,OO,6,154262,483
TX,LRD,XE,107,154262,483
TX,MAF,AA,7,154262,1699
TX,MAF,CO,16,154262,1699
TX,MAF,EV,121,154262,1699
TX,MAF,MQ,316,154262,1699
TX,MAF,OO,128,154262,1699
TX,MAF,UA,8,154262,1699
TX,MAF,WN,874,154262,1699
TX,MAF,XE,142,154262,1699
TX,MAF,YV,73,154262,1699
TX,MAF,YX,14,154262,1699
TX,MFE,9E,10,154262,795
TX,MFE,AA,251,154262,795
TX,MFE,CO,223,154262,795
TX,MFE,EV,121,154262,795
TX,MFE,G4,11,154262,795
TX,MFE,MQ,16,154262,795
TX,MFE,OO,14,154262,795
TX,MFE,TW,9,154262,795
TX,MFE,UA,47,154262,795
TX,MFE,XE,58,154262,795
TX,MFE,YV,34,154262,795
TX,MFE,YX,1,154262,795
TX,SAT,9E,33,154262,8350
TX,SAT,AA,1396,154262,8350
TX,SAT,AS,26,154262,8350
TX,SAT,CO,529,154262,8350
TX,SAT,DL,743,154262,8350
TX,SAT,EV,204,154262,8350
TX,SAT,F9,90,154262,8350
TX,SAT,FL,77,154262,8350
TX,SAT,G4,3,154262,8350
TX,SAT,HP,54,154262,8350
TX,SAT,MQ,66,154262,8350
TX,SAT,NW,197,154262,8350
TX,SAT,OH,54,154262,8350
TX,SAT,OO,492,154262,8350
TX,SAT,TW,62,154262,8350
TX,SAT,UA,450,154262,8350
TX,SAT,US,60,154262,8350
TX,SAT,WN,3493,154262,8350
TX,SAT,XE,133,154262,8350
TX,SAT,YV,177,154262,8350
TX,SAT,YX,11,154262,8350
TX,SJT,EV,30,154262,261
TX,SJT,MQ,219,154262,261
TX,SJT,OO,10,154262,261
TX,SJT,XE,2,154262,261
TX,SPS,EV,13,154262,275
TX,SPS,MQ,262,154262,275
TX,TYR,EV,51,154262,355
TX,TYR,MQ,282,154262,355
TX,TYR,OO,17,154262,355
TX,TYR,XE,5,154262,355
TX,VCT,OO,24,154262,31
TX,VCT,XE,7,154262,31
UT,CDC,OO,115,25455,115
UT,CNY,OO,11,25455,11
UT,OGD,G4,3,25455,3
UT,PVU,G4,10,25455,10
UT,SGU,OO,465,25455,465
UT,SLC,9E,14,25455,24827
UT,SLC,AA,595,25455,24827
UT,SLC,AS,107,25455,24827
UT,SLC,B6,251,25455,24827
UT,SLC,CO,138,25455,24827
UT,SLC,DL,8215,25455,24827
UT,SLC,EV,282,25455,24827
UT,SLC,F9,245,25455,24827
UT,SLC,HP,131,25455,24827
UT,SLC,MQ,50,25455,24827
UT,SLC,NW,152,25455,24827
UT,SLC,OH,54,25455,24827
UT,SLC,OO,10930,25455,24827
UT,SLC,TW,32,25455,24827
UT,SLC,UA,553,25455,24827
UT,SLC,US,191,25455,24827
UT,SLC,WN,2755,25455,24827
UT,SLC,XE,88,25455,24827
UT,SLC,YV,33,25455,24827
UT,SLC,YX,11,25455,24827
UT,VEL,OO,24,25455,24
VA,CHO,9E,38,44119,429
VA,CHO,DH,42,44119,429
VA,CHO,DL,23,44119,429
VA,CHO,EV,150,44119,429
VA,CHO,MQ,70,44119,429
VA,CHO,OH,58,44119,429
VA,CHO,OO,48,44119,429
VA,DCA,9E,129,44119,18784
VA,DCA,AA,3026,44119,18784
VA,DCA,AS,209,44119,18784
VA,DCA,B6,777,44119,18784
VA,DCA,CO,628,44119,18784
VA,DCA,DH,5,44119,18784
VA,DCA,DL,2393,44119,18784
VA,DCA,EV,380,44119,18784
VA,DCA,F9,152,44119,18784
VA,DCA,FL,349,44119,18784
VA,DCA,HP,84,44119,18784
VA,DCA,MQ,1238,44119,18784
VA,DCA,NW,691,44119,18784
VA,DCA,OH,1040,44119,18784
VA,DCA,OO,86,44119,18784
VA,DCA,TW,86,44119,18784
VA,DCA,TZ,42,44119,18784
VA,DCA,UA,1160,44119,18784
VA,DCA,US,4419,44119,18784
VA,DCA,VX,61,44119,18784
VA,DCA,WN,898,44119,18784
VA,DCA,XE,227,44119,18784
VA,DCA,YV,26,44119,18784
VA,DCA,YX,678,44119,18784
VA,IAD,9E,90,44119,15785
VA,IAD,AA,808,44119,15785
VA,IAD,AS,84,44119,15785
VA,IAD,B6,615,44119,15785
VA,IAD,CO,73,44119,15785
VA,IAD,DH,2054,44119,15785
VA,IAD,DL,810,44119,15785
VA,IAD,EV,1066,44119,15785
VA,IAD,F9,78,44119,15785
VA,IAD,FL,171,44119,15785
VA,IAD,HP,38,44119,15785
VA,IAD,MQ,97,44119,15785
VA,IAD,NW,266,44119,15785
VA,IAD,OH,165,44119,15785
VA,IAD,OO,143,44119,15785
VA,IAD,TW,41,44119,15785
VA,IAD,UA,5516,44119,15785
VA,IAD,US,574,44119,15785
VA,IAD,VX,108,44119,15785
VA,IAD,WN,395,44119,15785
VA,IAD,XE,511,44119,15785
VA,IAD,YV,2062,44119,15785
VA,IAD,YX,20,44119,15785
VA,LYH,EV,84,44119,108
VA,LYH,OH,24,44119,108
VA,ORF,9E,103,44119,3786
VA,ORF,AA,255,44119,3786
VA,ORF,CO,38,44119,3786
VA,ORF,DH,75,44119,3786
VA,ORF,DL,633,44119,3786
VA,ORF,EV,218,44119,3786
VA,ORF,F9,6,44119,3786
VA,ORF,FL,3,44119,3786
VA,ORF,G4,7,44119,3786
VA,ORF,MQ,306,44119,3786
VA,ORF,NW,137,44119,3786
VA,ORF,OH,210,44119,3786
VA,ORF,OO,69,44119,3786
VA,ORF,TW,33,44119,3786
VA,ORF,UA,89,44119,3786
VA,ORF,US,440,44119,3786
VA,ORF,WN,705,44119,3786
VA,ORF,XE,214,44119,3786
VA,ORF,YV,219,44119,3786
VA,ORF,YX,26,44119,3786
VA,PHF,9E,13,44119,695
VA,PHF,DL,43,44119,695
VA,PHF,EV,243,44119,695
VA,PHF,F9,12,44119,695
VA,PHF,FL,339,44119,695
VA,PHF,OH,44,44119,695
VA,PHF,YV,1,44119,695
VA,RIC,9E,92,44119,3865
VA,RIC,AA,334,44119,3865
VA,RIC,B6,297,44119,3865
VA,RIC,CO,25,44119,3865
VA,RIC,DH,23,44119,3865
VA,RIC,DL,595,44119,3865
VA,RIC,EV,481,44119,3865
VA,RIC,FL,183,44119,3865
VA,RIC,G4,8,44119,3865
VA,RIC,MQ,346,44119,3865
VA,RIC,NK,7,44119,3865
VA,RIC,NW,73,44119,3865
VA,RIC,OH,176,44119,3865
VA,RIC,OO,66,44119,3865
VA,RIC,TW,17,44119,3865
VA,RIC,UA,158,44119,3865
VA,RIC,US,499,44119,3865
VA,RIC,WN,55,44119,3865
VA,RIC,XE,346,44119,3865
VA,RIC,YV,58,44119,3865
VA,RIC,YX,26,44119,3865
VA,ROA,9E,46,44119,649
VA,ROA,DH,41,44119,649
VA,ROA,DL,32,44119,649
VA,ROA,EV,287,44119,649
VA,ROA,G4,4,44119,649
VA,ROA,MQ,12,44119,649
VA,ROA,OH,58,44119,649
VA,ROA,OO,45,44119,649
VA,ROA,US,64,44119,649
VA,ROA,XE,11,44119,649
VA,ROA,YV,48,44119,649
VA,ROA,YX,1,44119,649
VA,SHD,F9,3,44119,18
VA,SHD,OO,15,44119,18
VI,STT,AA,313,891,734
VI,STT,B6,50,891,734
VI,STT,CO,40,891,734
VI,STT,DL,140,891,734
VI,STT,MQ,5,891,734
VI,STT,NK,16,891,734
VI,STT,NW,1,891,734
VI,STT,UA,57,891,734
VI,STT,US,112,891,734
VI,STX,AA,106,891,157
VI,STX,B6,28,891,157
VI,STX,DL,5,891,157
VI,STX,MQ,2,891,157
VI,STX,US,16,891,157
VT,BTV,9E,98,1201,1201
VT,BTV,AA,5,1201,1201
VT,BTV,B6,249,1201,1201
VT,BTV,DH,78,1201,1201
VT,BTV,DL,8,1201,1201
VT,BTV,EV,145,1201,1201
VT,BTV,F9,1,1201,1201
VT,BTV,FL,7,1201,1201
VT,BTV,MQ,27,1201,1201
VT,BTV,NW,1,1201,1201
VT,BTV,OH,106,1201,1201
VT,BTV,OO,24,1201,1201
VT,BTV,UA,96,1201,1201
VT,BTV,US,106,1201,1201
VT,BTV,XE,175,1201,1201
VT,BTV,YV,51,1201,1201
VT,BTV,YX,24,1201,1201
WA,BLI,AS,69,27328,119
WA,BLI,F9,3,27328,119
WA,BLI,G4,34,27328,119
WA,BLI,OO,13,27328,119
WA,GEG,9E,2,27328,2695
WA,GEG,AA,34,27328,2695
WA,GEG,AS,378,27328,2695
WA,GEG,DL,278,27328,2695
WA,GEG,EV,5,27328,2695
WA,GEG,F9,44,27328,2695
WA,GEG,HP,41,27328,2695
WA,GEG,MQ,1,27328,2695
WA,GEG,NW,92,27328,2695
WA,GEG,OH,1,27328,2695
WA,GEG,OO,446,27328,2695
WA,GEG,UA,252,27328,2695
WA,GEG,US,63,27328,2695
WA,GEG,WN,1003,27328,2695
WA,GEG,XE,50,27328,2695
WA,GEG,YV,4,27328,2695
WA,GEG,YX,1,27328,2695
WA,MWH,OO,7,27328,7
WA,PAE,OO,13,27328,13
WA,PSC,9E,5,27328,595
WA,PSC,DL,71,27328,595
WA,PSC,EV,1,27328,595
WA,PSC,G4,8,27328,595
WA,PSC,OO,510,27328,595
WA,SEA,AA,1357,27328,23888
WA,SEA,AS,10684,27328,23888
WA,SEA,B6,277,27328,23888
WA,SEA,CO,519,27328,23888
WA,SEA,DH,1,27328,23888
WA,SEA,DL,2328,27328,23888
WA,SEA,EV,5,27328,23888
WA,SEA,F9,186,27328,23888
WA,SEA,FL,55,27328,23888
WA,SEA,HA,159,27328,23888
WA,SEA,HP,206,27328,23888
WA,SEA,NK,61,27328,23888
WA,SEA,NW,587,27328,23888
WA,SEA,OH,4,27328,23888
WA,SEA,OO,1488,27328,23888
WA,SEA,TW,80,27328,23888
WA,SEA,TZ,18,27328,23888
WA,SEA,UA,2351,27328,23888
WA,SEA,US,563,27328,23888
WA,SEA,VX,145,27328,23888
WA,SEA,WN,2794,27328,23888
WA,SEA,XE,10,27328,23888
WA,SEA,YV,10,27328,23888
WA,YKM,OO,11,27328,11
WI,ATW,9E,97,11170,658
WI,ATW,DH,9,11170,658
WI,ATW,DL,31,11170,658
WI,ATW,EV,159,11170,658
WI,ATW,G4,13,11170,658
WI,ATW,MQ,8,11170,658
WI,ATW,OH,50,11170,658
WI,ATW,OO,205,11170,658
WI,ATW,XE,22,11170,658
WI,ATW,YV,64,11170,658
WI,CWA,9E,82,11170,300
WI,CWA,EV,43,11170,300
WI,CWA,MQ,67,11170,300
WI,CWA,OO,86,11170,300
WI,CWA,XE,5,11170,300
WI,CWA,YV,17,11170,300
WI,EAU,OO,84,11170,84
WI,GRB,9E,81,11170,1139
WI,GRB,DH,5,11170,1139
WI,GRB,DL,51,11170,1139
WI,GRB,EV,154,11170,1139
WI,GRB,F9,4,11170,1139
WI,GRB,MQ,278,11170,1139
WI,GRB,NW,263,11170,1139
WI,GRB,OH,40,11170,1139
WI,GRB,OO,198,11170,1139
WI,GRB,XE,35,11170,1139
WI,GRB,YV,30,11170,1139
WI,LSE,9E,44,11170,325
WI,LSE,MQ,155,11170,325
WI,LSE,NW,38,11170,325
WI,LSE,OO,88,11170,325
WI,MKE,9E,42,11170,6380
WI,MKE,AA,105,11170,6380
WI,MKE,AS,14,11170,6380
WI,MKE,CO,5,11170,6380
WI,MKE,DH,14,11170,6380
WI,MKE,DL,783,11170,6380
WI,MKE,EV,268,11170,6380
WI,MKE,F9,240,11170,6380
WI,MKE,FL,730,11170,6380
WI,MKE,G4,3,11170,6380
WI,MKE,HP,52,11170,6380
WI,MKE,MQ,366,11170,6380
WI,MKE,NW,648,11170,6380
WI,MKE,OH,101,11170,6380
WI,MKE,OO,1195,11170,6380
WI,MKE,TW,71,11170,6380
WI,MKE,UA,29,11170,6380
WI,MKE,US,184,11170,6380
WI,MKE,WN,1112,11170,6380
WI,MKE,XE,372,11170,6380
WI,MKE,YV,19,11170,6380
WI,MKE,YX,27,11170,6380
WI,MSN,9E,71,11170,2207
WI,MSN,AA,1,11170,2207
WI,MSN,DH,15,11170,2207
WI,MSN,DL,253,11170,2207
WI,MSN,EV,232,11170,2207
WI,MSN,F9,38,11170,2207
WI,MSN,MQ,512,11170,2207
WI,MSN,NW,368,11170,2207
WI,MSN,OH,70,11170,2207
WI,MSN,OO,403,11170,2207
WI,MSN,UA,72,11170,2207
WI,MSN,XE,105,11170,2207
WI,MSN,YV,52,11170,2207
WI,MSN,YX,15,11170,2207
WI,RHI,9E,5,11170,77
WI,RHI,OO,72,11170,77
WV,CKB,G4,1,850,17
WV,CKB,OO,16,850,17
WV,CRW,9E,15,850,720
WV,CRW,DH,70,850,720
WV,CRW,DL,22,850,720
WV,CRW,EV,330,850,720
WV,CRW,FL,13,850,720
WV,CRW,MQ,22,850,720
WV,CRW,NK,1,850,720
WV,CRW,OH,94,850,720
WV,CRW,OO,66,850,720
WV,CRW,US,33,850,720
WV,CRW,XE,54,850,720
WV,HTS,EV,21,850,68
WV,HTS,G4,10,850,68
WV,HTS,MQ,2,850,68
WV,HTS,OH,35,850,68
WV,LWB,9E,2,850,45
WV,LWB,EV,23,850,45
WV,LWB,OO,17,850,45
WV,LWB,US,3,850,45
WY,COD,OO,164,1651,185
WY,COD,YV,21,1651,185
WY,CPR,9E,5,1651,417
WY,CPR,OO,374,1651,417
WY,CPR,YV,38,1651,417
WY,CYS,MQ,4,1651,9
WY,CYS,OO,5,1651,9
WY,GCC,OO,159,1651,172
WY,GCC,YV,13,1651,172
WY,JAC,AA,73,1651,668
WY,JAC,CO,3,1651,668
WY,JAC,DL,115,1651,668
WY,JAC,EV,9,1651,668
WY,JAC,F9,10,1651,668
WY,JAC,NW,17,1651,668
WY,JAC,OO,232,1651,668
WY,JAC,UA,186,1651,668
WY,JAC,YV,23,1651,668
WY,LAR,OO,39,1651,39
WY,RKS,OO,148,1651,161
WY,RKS,YV,13,1651,161
